,id,Age,Sex,Weight,wm,vh,etiv,gm
0,443,0.62,1,250,1.022649,0.698491,7.123,1.474844132348608
1,435,0.63,0,248,0.659663,0.434301,7.086,1.302712546994466
2,436,0.63,0,224,0.493342,0.325705,7.696,1.151169852380238
3,438,0.7,0,232,0.383715,0.212563,7.829,1.151272263973443
4,437,0.7,0,222,0.497321,0.294053,8.429,1.128087717095381
5,444,0.83,1,292,0.779884,0.504038,6.78,1.620003684572621
6,165,0.97,1,490,0.750592,0.383969,6.744,2.385052507124755
7,166,0.97,1,337,0.674924,0.358691,6.581,1.674908819816147
8,426,0.98,0,360,0.846222,0.461274,7.77,1.856086165354026
9,213,0.98,0,258,0.649141,0.300375,7.535,1.3593830870182644
10,143,0.98,1,330,0.73857,0.413256,7.325,1.6585109087056444
11,215,0.98,1,254,0.913059,0.420548,7.06,1.4326521897787343
12,194,0.98,1,274,0.558881,0.277247,7.381,1.3658488399172084
13,187,0.99,0,298,0.680451,0.365713,7.893,1.522554484976649
14,202,0.99,0,248,0.751511,0.379737,8.103,1.3510521017063892
15,400,0.99,1,354,0.666604,0.417082,7.266,1.7566687397964718
16,191,0.99,1,257,0.783241,0.415655,7.601,1.364685582264645
17,196,1.0,1,260,0.632425,0.348697,7.898,1.3512027679857848
18,197,1.0,1,333,0.788842,0.388902,7.206,1.6778339054593747
19,397,1.01,1,340,0.97694,0.408212,8.472,1.85689562265511
20,387,1.03,0,379,0.602569,0.340136,8.273,1.8562870569110936
21,423,1.03,1,345,0.673813,0.434248,8.232,1.7760897133891034
22,353,1.04,1,447,1.107999,0.51315,6.523,2.3123478147555288
23,333,1.04,0,339,0.882855,0.545146,7.798,1.7686159285625265
24,358,1.05,1,315,0.560516,0.456976,6.702,1.62674653662481
25,396,1.05,1,416,1.120642,0.521749,6.79,2.197198962350446
26,331,1.05,0,270,0.936945,0.844179,8.136,1.5392620589961437
27,214,1.06,1,235,0.639352,0.387785,7.87,1.2353349584150888
28,424,1.06,1,500,0.980003,0.423632,6.689,2.4820116534469703
29,350,1.06,1,483,0.769244,0.37098,7.109,2.331153182928164
30,283,1.07,1,340,0.640837,0.337703,8.322,1.702050625273285
31,365,1.09,0,311,0.997451,0.622251,6.921,1.7355667191311128
32,422,1.09,0,391,0.752227,0.341504,8.463,2.0157004612115377
33,366,1.09,1,325,0.371188,0.268715,7.165,1.5514681398002332
34,357,1.1,1,320,0.713027,0.617674,7.517,1.6509106101568334
35,60,1.11,1,320,0.633755,0.339995,6.872,1.5789407933601904
36,348,1.12,1,470,1.040297,0.477626,7.16,2.4000652478321123
37,356,1.13,1,355,0.525019,0.259096,7.35,1.6910129349521752
38,107,1.13,0,360,0.740173,0.374564,7.581,1.8052155743487543
39,339,1.2,1,499,0.713963,0.300512,6.898,2.3837507171308348
40,335,1.21,1,291,0.476931,0.25154,7.406,1.434464381742145
41,377,1.21,1,318,0.598018,0.319507,8.121,1.5886370180663156
42,367,1.23,0,237,0.817703,0.535867,8.049,1.3573366265162246
43,375,1.24,1,289,0.740823,0.454283,8.475,1.5182601859188838
44,374,1.24,0,392,0.814166,0.679427,7.873,1.9955067046084949
45,425,1.27,1,429,0.786893,0.480584,6.788,2.268015635000253
46,342,1.28,0,370,0.553579,0.269498,6.863,1.80673278775346
47,386,1.31,0,378,0.856117,0.388775,7.79,2.004308345374667
48,417,1.32,1,321,1.026122,0.597979,8.339,1.7430435687077717
49,416,1.33,1,325,1.108107,1.002545,7.916,1.803505051362122
50,385,1.33,1,307,0.840248,0.376055,8.416,1.6530563371629086
51,392,1.33,0,430,0.650895,0.288716,7.903,2.102275042384717
52,329,1.36,0,350,0.625673,0.321574,8.983,1.7442593881196848
53,338,1.36,0,528,1.000518,0.458304,6.976,2.653138581622925
54,412,1.36,1,289,0.000484,0.000484,9.22,1.4790789844532224
55,86,1.37,0,287,0.619828,0.2946,8.552,1.4715746644529837
56,378,1.38,1,259,0.552989,0.295984,8.169,1.3299766481286626
57,91,1.38,0,407,0.707852,0.318516,7.705,2.00126305413099
58,391,1.38,0,290,0.759919,0.388189,7.397,1.5306754501862023
59,411,1.41,1,272,0.867503,0.539179,8.713,1.5029835717863471
60,328,1.43,1,326,0.925796,0.415518,8.181,1.7272845260579013
61,373,1.45,1,305,0.281463,0.224389,7.199,1.4251589215360054
62,318,1.45,0,309,0.573226,0.250302,7.098,1.5447834166406915
63,379,1.47,1,251,0.812567,0.474487,8.984,1.3898971360732126
64,380,1.47,1,299,0.912751,0.62295,8.03,1.6093041881816486
65,167,1.47,0,505,0.794637,0.388934,7.24,2.441572898968975
66,345,1.47,1,454,0.734758,0.3209,7.15,2.2564211149664017
67,361,1.5,1,435,1.020035,0.56218,7.982,2.2428749254259053
68,313,1.51,0,302,0.755847,0.373958,7.47,1.5557890488648256
69,434,1.55,1,345,0.96767,0.459586,7.277,1.847928668991856
70,399,1.57,1,390,0.932185,0.527339,8.518,2.0204052122148406
71,398,1.57,1,360,1.045149,0.405267,8.391,1.9455763097633572
72,388,1.58,1,365,1.420812,0.592573,7.79,2.0362108453454373
73,409,1.59,0,327,1.002105,0.714967,8.283,1.7699118525237427
74,359,1.59,1,289,0.970134,0.452453,8.298,1.6157248912593285
75,410,1.6,0,324,0.436949,0.242586,7.42,1.7334044521184264
76,431,1.61,1,401,1.281285,0.586587,7.424,2.168213432465348
77,432,1.64,1,401,1.191242,0.438542,7.925,2.1536702868286417
78,384,1.66,0,334,0.927188,0.379661,7.844,1.8243290478270344
79,408,1.66,0,297,0.686729,0.279889,7.871,1.536883083897017
80,404,1.67,0,321,0.611327,0.347477,7.943,1.641071230536758
81,403,1.68,0,303,1.397055,0.767803,6.801,1.856319684033772
82,362,1.69,1,380,0.761232,0.359873,7.863,1.910460845388492
83,336,1.69,0,388,0.784842,0.317576,8.269,1.9401222918845091
84,337,1.69,0,310,0.724799,0.410464,8.418,1.6063885897055423
85,310,1.7,1,286,0.520807,0.395302,8.266,1.440104757808024
86,307,1.7,1,366,0.645578,0.299059,7.848,1.8073893540796409
87,149,1.73,1,459,0.66696,0.361584,7.914,2.1846047365761536
88,360,1.73,0,327,1.20931,0.698659,8.68,1.8395884874011972
89,92,1.76,1,464,0.821154,0.420743,8.743,2.269912640384599
90,433,1.76,1,379,1.46559,0.493931,7.768,2.093909824424046
91,395,1.77,1,295,1.193468,0.56807,7.407,1.6968317098587873
92,394,1.77,1,287,1.10036,0.664815,7.486,1.6811371229214935
93,158,1.78,0,312,0.652315,0.314303,7.785,1.5474544917995885
94,402,1.79,1,385,0.930926,0.763122,7.361,2.035681842751715
95,150,1.79,1,458,0.649089,0.351355,8.534,2.1995340322647263
96,405,1.81,1,349,0.738476,0.391691,7.169,1.7867018220629352
97,90,1.81,1,382,0.731421,0.378927,8.222,1.8658429621048631
98,308,1.81,1,471,1.611181,0.602238,7.15,2.6487929382899855
99,368,1.82,1,259,0.706895,0.538091,8.386,1.3323451999915057
100,168,1.83,0,304,1.028228,0.489233,7.28,1.671419179013762
101,401,1.83,1,390,1.228112,0.480594,7.729,2.068023954622116
102,340,1.84,0,287,0.963387,0.711609,8.911,1.5976060013230122
103,341,1.84,0,323,1.105095,0.897281,9.079,1.7833234019121282
104,430,1.85,1,395,0.990261,0.442987,7.223,2.0597427600035183
105,351,1.86,0,402,1.108788,0.468262,8.014,2.132131935313395
106,1,1.88,1,300,0.608675,0.306999,8.549,1.5033785862183469
107,2,1.88,1,305,0.618525,0.308114,8.911,1.5214136658541215
108,157,1.88,1,419,1.172259,0.56292,7.771,2.1635957035154982
109,393,1.89,1,278,1.244962,0.630227,8.44,1.6376047525027049
110,309,1.89,0,400,1.201196,0.574887,7.702,2.186366516918575
111,64,1.89,0,394,0.64587,0.299475,8.721,1.9270005508758776
112,428,1.89,0,418,0.782303,0.381495,8.225,2.0588096342936937
113,146,1.9,1,331,0.865502,0.425878,7.791,1.714437477089665
114,429,1.9,1,347,1.01412,0.358651,7.979,1.83806284618443
115,390,1.9,1,357,0.979908,0.418987,8.196,1.9587762680168064
116,332,1.91,1,438,0.856969,0.392049,7.752,2.226832693427776
117,381,1.92,1,300,0.90768,0.430797,7.802,1.616531211018095
118,352,1.92,1,396,1.407812,0.651818,8.073,2.208496971148084
119,427,1.93,0,321,1.701781,0.721162,8.691,2.0335553165177194
120,151,1.94,0,272,0.929111,0.398891,7.908,1.4840196740042415
121,72,1.95,1,406,0.713047,0.332285,7.681,2.0196868364508904
122,100,1.96,0,413,0.752818,0.361187,7.152,2.037119825548045
123,8,1.98,1,272,0.742069,0.369964,9.014,1.4530719946685469
124,295,1.98,1,300,0.892547,0.507045,8.19,1.5632224546030238
125,355,1.98,1,396,1.296112,0.642607,7.958,2.250958088584017
126,170,1.99,0,284,0.809117,0.325864,8.178,1.5219087654848775
127,7,2.0,1,290,0.980666,0.445339,9.607,1.6137107456186417
128,3,2.0,1,318,0.950788,0.436725,9.924,1.7672016215528588
129,169,2.01,1,285,1.242193,0.526632,7.4,1.6460412316078958
130,306,2.01,0,334,1.082863,0.900883,7.757,1.810106517541478
131,383,2.01,0,305,1.485485,0.650951,8.538,1.960527212958771
132,4,2.01,1,283,0.691421,0.344253,8.495,1.4872208016014898
133,101,2.02,1,368,1.135328,0.504697,8.105,1.9890317545105447
134,148,2.02,0,282,0.922549,0.478085,8.613,1.5426557256217228
135,147,2.02,1,288,0.806876,0.391536,8.437,1.5032091605006055
136,304,2.04,0,309,1.78311,1.155384,8.987,1.944606529279417
137,344,2.06,0,322,0.820998,0.460098,8.698,1.7180701348711969
138,369,2.07,1,334,1.1736,0.554396,8.317,1.8162863666963855
139,382,2.08,0,284,1.050122,0.410342,8.447,1.6551001824821443
140,389,2.09,1,331,0.965645,0.620093,8.76,1.769784517551917
141,407,2.1,1,324,0.916166,0.604318,8.236,1.7369332472116683
142,145,2.11,1,339,1.05654,0.561462,8.55,1.7921631466254304
143,376,2.11,1,320,1.364336,0.536229,9.23,1.9253457398635752
144,5,2.12,1,334,0.804977,0.380932,7.628,1.7232069836378352
145,372,2.13,0,304,1.872275,0.887751,8.017,2.0161818437741994
146,371,2.13,0,299,1.076644,0.464237,8.033,1.6852659520016764
147,130,2.14,1,372,0.67534,0.321245,8.751,1.8402576994973048
148,364,2.15,1,327,1.184178,0.689607,7.459,1.7991811285325885
149,144,2.16,1,400,1.038787,0.519993,8.309,2.0323837943743643
150,321,2.17,1,456,1.146499,0.428809,8.312,2.353837865905176
151,6,2.17,1,290,0.607234,0.28163,8.183,1.4643565362210886
152,291,2.18,1,405,1.276743,0.510983,7.836,2.1738683417432223
153,137,2.18,0,342,0.844566,0.379539,8.056,1.7548033593265275
154,36,2.19,1,403,1.154911,0.580418,7.598,2.1088436747723955
155,287,2.22,0,314,0.684993,0.299911,8.569,1.5749289066032006
156,116,2.22,0,307,0.54816,0.30193,8.663,1.5223405747664551
157,406,2.24,1,273,0.96774,0.656522,7.642,1.5167237559520996
158,183,2.24,1,305,0.66616,0.310459,8.748,1.5568857383602197
159,93,2.24,0,388,0.651602,0.340281,7.877,1.8718729310210096
160,212,2.26,1,323,0.730367,0.404056,9.561,1.6433507164543408
161,42,2.28,1,462,0.845601,0.33059,7.429,2.330849368098379
162,182,2.28,1,286,0.504137,0.277497,9.103,1.4117354675005231
163,320,2.29,1,300,1.26468,0.609432,8.339,1.707817171046473
164,43,2.29,1,440,0.874957,0.423979,7.46,2.1765796611564805
165,323,2.29,1,330,0.590593,0.233695,8.287,1.6941807757376202
166,317,2.32,0,438,0.895703,0.553117,7.461,2.19206889489253
167,354,2.32,0,388,0.913475,0.362061,8.251,2.023403632032067
168,299,2.35,0,248,0.764515,0.556892,9.278,1.3136332674043527
169,305,2.35,0,293,1.125367,0.873104,9.05,1.640462943425942
170,65,2.36,0,452,0.503898,0.281033,7.933,2.131016941881637
171,324,2.37,0,394,1.049297,0.561559,8.022,2.0861100354065742
172,314,2.38,0,425,1.065111,0.443311,9.027,2.250412576271125
173,70,2.4,0,308,0.366733,0.17139,8.352,1.4644153875633583
174,74,2.4,0,321,0.596119,0.255101,7.61,1.6216220546877187
175,370,2.41,1,363,1.420824,0.511238,8.03,2.016760138988522
176,121,2.41,0,328,0.77681,0.426778,8.106,1.7240878211096442
177,343,2.41,1,297,0.463943,0.238616,8.416,1.4250240709316442
178,81,2.41,1,469,0.646051,0.325804,8.31,2.258437034276102
179,294,2.42,1,363,0.890872,0.296284,8.404,1.892815736381652
180,111,2.42,0,358,0.831417,0.410484,7.844,1.799046701793832
181,322,2.42,0,325,1.628216,1.114949,8.626,2.0293791728920203
182,209,2.43,0,312,0.740735,0.383674,8.427,1.5843222367418133
183,114,2.44,0,318,0.716228,0.338291,7.73,1.62106020896641
184,102,2.45,1,262,0.924028,0.422851,7.519,1.4505433761431232
185,316,2.45,0,386,0.633609,0.470041,7.904,1.9157282059294385
186,315,2.45,0,374,1.232734,0.6065,8.247,2.0281068772584456
187,112,2.45,1,298,1.157015,0.56099,8.303,1.6573815180887292
188,110,2.45,0,265,0.69352,0.379551,8.66,1.4085412567430688
189,172,2.47,0,309,0.841394,0.393515,7.794,1.6656822684517805
190,50,2.5,0,445,0.640952,0.301058,6.666,2.134112388614177
191,49,2.5,0,336,1.074462,0.507247,8.153,1.8595797429158385
192,363,2.52,1,340,0.635342,0.303283,8.161,1.702026510122291
193,289,2.53,1,354,1.422131,1.052509,8.234,1.9952590643974928
194,97,2.53,1,377,0.66034,0.313859,8.153,1.878204984431844
195,208,2.53,0,429,0.896786,0.472201,7.845,2.163569934980778
196,284,2.55,1,370,1.008566,0.455371,8.389,1.904212488525299
197,30,2.57,1,347,1.05833,0.456023,7.54,1.861397822697637
198,34,2.6,0,439,1.112057,0.496894,9.08,2.237065759346822
199,31,2.62,0,433,0.68539,0.340301,8.074,2.0834636999841
200,184,2.63,0,307,0.487399,0.246077,8.158,1.4846975335252532
201,273,2.63,1,319,0.832361,0.358251,8.061,1.6296518187964162
202,188,2.64,1,290,0.683555,0.359897,8.692,1.4818647933951343
203,29,2.65,1,400,0.726353,0.31716,7.106,1.956948992426207
204,303,2.68,1,310,1.116729,0.509539,8.349,1.7776097822595394
205,185,2.72,1,442,0.636179,0.26626,6.952,2.1196809312349862
206,312,2.74,0,310,0.890443,0.438182,7.616,1.6868265993563698
207,57,2.75,0,341,0.681422,0.327769,9.174,1.7219599865162438
208,47,2.75,1,405,0.600477,0.31158,8.228,1.950160534791062
209,69,2.75,0,364,0.688774,0.316304,8.605,1.8160368054941975
210,334,2.75,1,348,1.972052,0.826492,7.844,2.1469796810245434
211,45,2.75,1,385,0.726426,0.311734,7.553,1.9384037942036387
212,330,2.84,0,296,1.089873,0.482181,8.227,1.5994138383550445
213,115,2.84,0,374,1.059564,0.516011,8.44,1.92368172855145
214,325,2.85,1,308,1.499408,1.067111,7.894,1.821220423980299
215,311,2.9,0,323,1.24076,0.685034,7.697,1.804311875156546
216,297,2.94,1,295,0.772041,0.382036,8.265,1.5187933427373268
217,103,2.94,0,322,1.29829,0.661401,8.45,1.806714544206256
218,279,2.96,0,374,1.123291,0.469321,7.747,1.961396593900163
219,59,2.98,1,426,1.631655,0.63423,7.608,2.493261233334782
220,349,2.99,0,254,0.87553,0.666659,8.337,1.462572230673307
221,48,2.99,0,315,0.737957,0.299494,7.794,1.6020654487256394
222,109,3.0,0,329,1.114843,0.470749,8.093,1.8128238309520348
223,108,3.0,1,354,0.918025,0.429865,7.824,1.8461120845129533
224,293,3.01,1,340,1.92562,0.974707,8.363,2.226662663042165
225,173,3.01,0,291,1.513309,0.721081,8.578,1.769645494135163
226,28,3.06,1,432,0.974886,0.556007,8.728,2.2058913813446774
227,83,3.08,1,426,1.006525,0.418465,7.851,2.207065600798904
228,79,3.11,1,416,1.259738,0.595126,8.54,2.200233065260235
229,440,3.11,0,325,1.221389,0.72974,8.439,1.828709283547354
230,288,3.11,0,388,0.795893,0.359184,7.81,1.9548496179593255
231,290,3.11,0,285,0.814585,0.379144,8.595,1.5140534300905688
232,78,3.11,1,424,0.733975,0.369798,8.831,2.0783157903901257
233,298,3.13,0,306,1.070336,0.579543,9.193,1.685621043478697
234,44,3.15,0,426,0.534933,0.258551,7.566,2.012799311851696
235,98,3.18,1,336,0.652162,0.307206,8.327,1.7550686709793362
236,264,3.18,1,315,0.920744,0.431234,8.11,1.6371898031796763
237,189,3.19,1,520,1.119178,0.513678,7.44,2.627385819532543
238,200,3.21,1,333,1.41553,0.680897,9.235,1.947659128176108
239,120,3.23,0,323,1.099561,0.440709,7.747,1.7900577896917176
240,15,3.28,1,354,0.780979,0.33354,8.901,1.827951891797192
241,274,3.28,0,369,0.944229,0.474889,8.088,1.9023434655790283
242,174,3.29,0,362,0.887902,0.449446,8.681,1.871325599119659
243,96,3.3,1,376,0.483994,0.251407,7.872,1.7789683669770506
244,175,3.3,0,362,1.116249,0.479548,7.63,1.966559239897279
245,347,3.3,0,322,1.151663,0.743575,7.719,1.7759550460146436
246,276,3.31,0,416,1.163653,0.743762,8.225,2.220532547814499
247,346,3.32,0,338,1.273084,0.608239,7.411,1.8932807665288416
248,268,3.38,0,400,0.88426,0.400258,8.879,2.0297663712303704
249,277,3.39,1,574,1.373057,0.507038,7.72,2.9459050884273346
250,327,3.39,1,352,0.885178,0.475093,7.761,1.8467340438855195
251,193,3.41,1,354,0.613142,0.247765,7.531,1.7041260532717863
252,278,3.43,1,316,1.222563,0.784224,7.692,1.841697690364911
253,26,3.43,0,423,1.192796,0.492594,8.443,2.267348369929375
254,207,3.44,0,318,1.116857,0.458143,7.429,1.7764250785391944
255,296,3.48,0,603,0.890875,0.291847,6.594,2.8697505778724497
256,300,3.49,0,360,1.394275,0.668455,8.696,1.984732730914727
257,270,3.5,1,350,0.967328,0.397386,8.255,1.8380884019995103
258,181,3.51,0,315,0.807677,0.403873,8.575,1.6476890359652092
259,35,3.52,0,423,0.597195,0.317297,8.949,2.0452134405910742
260,38,3.52,0,368,0.655254,0.294359,7.44,1.839811270333724
261,285,3.56,0,319,1.006641,0.609405,8.816,1.7254114068606567
262,22,3.58,1,320,0.569023,0.296247,8.826,1.5578388839726305
263,446,3.59,0,303,1.060841,0.526195,7.638,1.6948629289925357
264,82,3.59,1,386,1.398142,0.617603,9.292,2.2149347418493237
265,80,3.6,0,502,0.812801,0.371644,7.496,2.4382234858346536
266,267,3.61,0,369,1.16321,0.72045,8.569,2.0243328678700947
267,263,3.64,1,310,0.955056,0.594162,7.687,1.6982560891502068
268,180,3.67,1,297,0.695949,0.310628,8.524,1.5321071679504192
269,39,3.69,0,319,0.745074,0.335377,8.811,1.6384194199170663
270,292,3.69,1,392,0.975741,0.514593,8.775,2.222267041793198
271,326,3.75,0,344,0.971704,0.492264,8.223,1.791032170783478
272,256,3.77,0,336,0.927169,0.457961,8.476,1.7564438121387962
273,319,3.77,0,352,1.120005,0.460774,7.699,1.9387514426695855
274,63,3.79,0,366,0.703146,0.321565,8.305,1.8213770040466009
275,441,3.79,1,324,1.026083,0.508572,9.672,1.733409719281162
276,19,3.81,1,449,1.178364,0.501041,7.732,2.3598098332159627
277,195,3.82,1,462,1.064443,0.507383,8.197,2.3565519546287144
278,192,3.83,1,354,0.567574,0.253824,8.05,1.7220863576299248
279,20,3.88,1,381,0.692146,0.358064,8.002,1.8635004085889233
280,199,3.89,0,302,0.993675,0.494559,9.607,1.687501965966457
281,75,3.91,0,361,0.911648,0.437434,7.124,1.8955564405797016
282,41,3.93,1,423,0.740161,0.321521,8.344,2.083164268492548
283,302,3.93,1,338,0.803902,0.396531,8.115,1.7872566552501894
284,280,3.94,1,328,1.557352,0.787995,8.755,1.9416911937597483
285,301,3.94,0,460,2.37115,0.889433,7.288,2.863831828758189
286,250,3.95,0,397,1.300074,0.539421,8.318,2.140896123521262
287,141,3.98,0,321,0.682462,0.278248,8.484,1.645607842031216
288,281,3.98,0,278,0.840414,0.529138,8.442,1.4792310420083574
289,23,3.98,0,420,0.603955,0.288627,7.401,1.99994784301688
290,129,3.98,0,276,0.649247,0.324786,7.753,1.4098712773878082
291,261,3.99,0,440,1.86324,0.792405,8.245,2.441127889809505
292,171,3.99,0,436,1.491807,0.63931,8.683,2.443116385387798
293,442,4.0,1,325,1.738553,0.873273,8.876,1.9354501963881063
294,252,4.01,0,420,1.294109,0.486688,7.907,2.2645017174784297
295,25,4.02,0,363,0.791893,0.351769,7.385,1.8578984383542323
296,113,4.04,0,363,1.06302,0.503731,9.489,1.9629870542692895
297,18,4.05,0,282,0.523802,0.302936,8.715,1.3933782926815852
298,246,4.05,0,315,0.814755,0.506618,8.329,1.6321680619584278
299,251,4.05,0,315,0.662409,0.375956,8.028,1.5875883200019023
300,106,4.07,0,462,0.636248,0.316857,8.347,2.2200998547717834
301,190,4.07,1,400,0.614821,0.286589,8.201,1.9388247422782712
302,260,4.08,1,340,0.956919,0.561385,8.031,1.7823120518872109
303,269,4.1,1,365,1.021431,0.517065,7.858,1.9424274582432244
304,254,4.13,0,447,1.484977,0.640169,8.016,2.510828395170669
305,33,4.18,0,375,0.923243,0.416737,8.183,1.9575750983434412
306,266,4.22,0,480,1.433278,0.527194,7.427,2.5303889678032596
307,244,4.28,0,349,1.235987,0.655071,7.915,1.9609891023552444
308,265,4.32,0,325,1.522448,0.679956,8.751,1.8978368616365224
309,85,4.33,1,503,0.655047,0.326719,7.825,2.409892514675927
310,439,4.35,0,273,0.638095,0.349073,8.164,1.4143658539369566
311,275,4.39,1,352,1.10291,0.557516,8.088,1.8777678884243407
312,447,4.42,0,301,1.214551,0.584247,7.941,1.700345860310691
313,62,4.49,0,385,0.754157,0.348452,7.885,1.9297105679011188
314,253,4.6,1,356,1.129,0.505189,7.819,1.9499909555734216
315,95,4.61,0,360,1.166718,0.521495,8.466,1.9827371494614792
316,286,4.62,1,318,0.874886,0.567492,8.749,1.6848053605259528
317,179,4.62,0,265,0.620124,0.292375,9.56,1.3677230934897804
318,241,4.63,0,281,0.693723,0.400373,8.307,1.452798563351145
319,272,4.65,0,345,0.739621,0.408649,7.577,1.725861468454048
320,242,4.68,0,344,0.796938,0.532422,8.113,1.761119523119065
321,27,4.75,0,422,0.978268,0.409675,8.836,2.2221689414329115
322,94,4.76,0,314,0.940616,0.409637,8.186,1.6907411519014646
323,73,4.78,0,368,0.939016,0.420509,9.056,1.958246270040268
324,237,4.79,0,332,1.040074,0.612226,8.336,1.7838572304147444
325,259,4.84,1,342,1.770397,0.781488,7.685,2.0658520152314988
326,258,4.85,1,378,1.631184,0.728759,9.2,2.186157196985471
327,262,4.91,1,409,1.93701,0.790311,8.603,2.444385461573298
328,99,4.94,1,360,0.922244,0.393768,8.5,1.9290008258676303
329,76,4.96,0,405,1.256408,0.518916,7.638,2.197438629459647
330,87,5.04,0,336,0.384796,0.185451,8.634,1.606209843865474
331,53,5.07,0,334,0.56061,0.34665,8.291,1.6242062449840702
332,245,5.1,1,302,1.29855,0.516399,8.13,1.805874436887951
333,230,5.13,1,412,1.043439,0.506725,7.892,2.1357590299151603
334,46,5.13,0,460,0.826646,0.377858,6.747,2.256624714771225
335,201,5.15,1,346,1.099525,0.470628,8.595,1.9033145414006527
336,52,5.17,0,428,0.829065,0.341477,7.693,2.1359534491941883
337,247,5.21,1,458,1.180062,0.495088,7.641,2.383693711830946
338,51,5.23,0,336,0.715914,0.372309,8.413,1.6861708589652549
339,248,5.41,1,301,1.021937,0.408662,8.07,1.683838877568783
340,186,5.41,0,403,0.618907,0.267546,8.573,1.973144968058709
341,40,5.42,0,494,1.289563,0.538414,7.623,2.5518723659390967
342,21,5.42,0,370,0.538177,0.223592,8.504,1.799260336614986
343,54,5.48,1,477,0.648,0.268647,8.111,2.264113694495924
344,255,5.49,1,325,1.659861,0.887399,8.824,2.079554239102134
345,140,5.5,0,238,0.293495,0.152919,8.678,1.1291329178247504
346,452,5.52,0,323,1.682716,0.915458,8.457,1.952106547588187
347,257,5.53,0,448,2.163553,0.693627,8.704,2.7167923413325603
348,32,5.62,0,363,1.299655,0.663049,9.131,2.0440614947992457
349,282,5.75,1,263,1.124331,0.568506,7.237,1.556206925815895
350,164,5.8,0,334,0.718634,0.325928,8.248,1.731110653676349
351,243,5.85,1,335,1.398416,0.779397,8.196,1.9262797555883209
352,448,5.85,0,361,1.726302,0.604953,8.256,2.314221710410372
353,122,5.87,0,453,0.948195,0.410507,8.477,2.2966730202133485
354,206,5.89,0,328,0.959966,0.381484,8.271,1.733547906572873
355,240,5.91,0,342,0.810874,0.334034,7.4,1.7329520549001116
356,17,5.94,1,302,1.02809,0.465378,8.912,1.6669921384263806
357,24,5.96,1,329,0.787988,0.404545,8.53,1.6970686258201484
358,71,6.04,0,403,0.640963,0.277377,7.463,1.9873414333960095
359,271,6.05,0,300,0.67679,0.38243,7.868,1.5306666765903745
360,56,6.07,1,375,0.680621,0.297094,7.895,1.884187913996729
361,236,6.14,1,321,1.362708,0.712194,8.88,1.8822024560893076
362,238,6.15,0,454,2.177957,0.877896,8.096,2.615771894245266
363,139,6.17,0,330,0.649914,0.283924,8.052,1.6720269410290465
364,239,6.19,1,332,0.72114,0.246153,8.77,1.7193858735401408
365,226,6.25,1,350,1.350676,0.58792,7.005,1.971447721337246
366,61,6.28,0,304,0.564697,0.239569,7.431,1.5346014123938072
367,55,6.3,1,326,0.5924,0.283468,7.713,1.6326132890132972
368,68,6.3,0,364,0.53223,0.247666,8.022,1.7803629587787737
369,205,6.43,0,326,1.014026,0.494606,8.903,1.750966108852704
370,134,6.45,0,313,0.95619,0.438467,8.202,1.6761186493889657
371,135,6.46,0,325,0.908086,0.44227,8.956,1.7811360294751726
372,204,6.56,0,369,1.095637,0.499951,7.484,1.95204400112181
373,216,6.57,0,305,1.035963,0.485373,7.854,1.6402997423632664
374,58,6.73,0,369,0.618696,0.247651,8.103,1.8460080673211177
375,227,6.75,1,341,1.141624,0.56571,7.905,1.799307180626108
376,155,6.84,0,380,0.731008,0.315803,8.105,1.9546446644381237
377,67,6.92,0,379,0.752678,0.329932,7.867,1.9495217966445384
378,142,6.95,1,352,0.639099,0.331807,8.282,1.7605672263303471
379,105,6.99,0,400,0.669971,0.290252,8.329,2.014739330226324
380,177,7.02,0,244,0.986562,0.387477,7.561,1.3853310502395142
381,178,7.02,0,290,0.681124,0.30092,8.56,1.5368323231937848
382,77,7.04,1,331,1.032765,0.473065,7.983,1.7982247125415118
383,127,7.07,0,401,0.803544,0.32657,8.771,2.0720267149701916
384,249,7.09,0,362,1.544385,0.946657,9.061,2.1253756959268384
385,445,7.16,0,320,2.21069,0.990966,9.596,2.1512405989203427
386,119,7.19,0,390,0.716154,0.304997,8.191,1.981111290640192
387,162,7.28,0,417,0.564295,0.226025,7.619,2.009962956022243
388,163,7.33,0,479,0.801669,0.31941,7.353,2.380949258539967
389,161,7.45,0,334,0.848076,0.352443,8.467,1.7521046490145054
390,132,7.53,0,351,1.012965,0.426822,8.679,1.9174755406502952
391,133,7.54,0,445,0.77609,0.321657,7.327,2.2521398800320354
392,160,7.86,0,325,0.697532,0.29895,8.401,1.674330135278126
393,84,7.87,0,312,0.710958,0.322505,7.77,1.6042500775488424
394,16,7.88,1,365,1.083135,0.504683,7.761,1.8857067844967423
395,12,7.89,1,298,0.631547,0.338884,8.752,1.5194480611213528
396,176,7.93,0,276,0.736293,0.317021,8.542,1.4413742783859076
397,118,7.95,1,385,0.929653,0.443305,8.168,2.0088166744313023
398,104,7.96,0,289,0.657735,0.25671,7.688,1.5026616994707336
399,154,7.98,0,282,0.806122,0.368056,9.019,1.5024658874316872
400,451,8.04,0,362,1.973147,0.937373,7.897,2.2482254846195504
401,450,8.08,0,351,1.241284,0.508408,7.433,1.9127601996705568
402,66,8.1,1,375,1.204014,0.552638,8.443,2.0185363290780662
403,153,8.15,0,364,0.517071,0.229027,7.299,1.770858316216932
404,211,8.24,0,399,1.093405,0.520387,8.712,2.136857550973281
405,124,8.27,1,413,0.941735,0.395091,8.212,2.139209526359799
406,123,8.33,1,375,0.804348,0.303432,7.61,1.9153095136064897
407,421,8.54,1,337,1.613525,0.643932,7.804,2.008595161351823
408,203,8.56,0,322,1.220623,0.508426,7.943,1.8094932742706695
409,14,8.56,1,388,0.728269,0.321523,8.065,1.951683202978186
410,419,8.6,0,295,1.109652,0.626192,8.596,1.7123667797798483
411,136,8.62,1,310,0.820056,0.375314,7.533,1.682932945859023
412,420,8.63,1,365,1.002534,0.407901,7.995,1.9749012619830593
413,152,8.66,0,387,0.681099,0.267213,7.957,1.9570910677278603
414,455,8.69,0,308,0.826019,0.458954,8.952,1.592240355272622
415,13,8.72,1,324,0.978363,0.394673,8.409,1.7850458799737612
416,159,8.77,0,342,0.692676,0.275611,7.401,1.754078529123467
417,232,8.95,0,375,0.824254,0.433852,7.546,1.960880437948064
418,198,9.04,0,337,0.758301,0.320245,7.957,1.7750928874823213
419,89,9.13,0,303,0.528177,0.227109,8.165,1.4947647765361736
420,138,9.15,0,308,0.800256,0.368406,8.621,1.6413941700323431
421,117,9.19,1,362,0.793601,0.308662,8.744,1.873439692397936
422,233,9.24,0,397,0.985747,0.45933,7.609,2.05769240416403
423,414,9.26,0,388,1.576175,0.724405,7.422,2.183920574425451
424,126,9.38,0,385,0.523329,0.234135,8.326,1.8735395964357893
425,234,9.39,1,392,0.924854,0.383514,7.775,1.9920394147659115
426,415,9.44,0,292,0.67567,0.377274,7.882,1.495725882277562
427,88,9.52,0,343,0.497125,0.228465,7.5,1.668660840647931
428,418,9.54,0,369,1.033383,0.473486,8.049,1.9959240354951524
429,210,9.54,0,350,1.003536,0.481619,8.804,1.8387938060587985
430,156,9.58,0,327,0.636965,0.268729,8.117,1.66119188906141
431,9,9.59,1,334,1.040825,0.429732,8.293,1.8317333157647209
432,37,9.69,1,339,0.944781,0.381126,7.37,1.768552193378003
433,10,9.72,1,450,1.07987,0.50443,8.984,2.3420217264497984
434,413,9.76,0,306,1.764703,0.952561,8.482,1.98756862146337
435,125,10.01,0,347,1.008366,0.432897,7.916,1.8882721456740776
436,128,10.02,0,319,1.873881,0.849419,7.855,2.0105684131489667
437,11,10.05,0,364,0.80536,0.457956,8.844,1.886758420036443
438,131,10.31,0,373,1.088542,0.422613,7.677,2.0153277116832484
439,229,10.67,1,283,0.807189,0.540201,8.065,1.533361631118933
440,231,10.98,0,466,1.495293,0.521092,6.829,2.5347291433552788
441,449,11.31,0,331,1.198992,0.471779,7.802,1.8169401797230176
442,228,11.42,0,354,0.777567,0.338508,7.74,1.802955154903794
443,235,11.65,1,408,1.376888,0.606239,7.755,2.2147337144185806
444,453,12.73,0,303,1.135696,0.416923,8.0,1.6950957682428591
445,454,12.75,1,347,0.97916,0.470047,8.347,1.904947312938211
