,GAD_1,GAD_2,GAD_3,GAD_4,GAD_5,GAD_6,GAD_7,GAD_8,GAD_9,GAD_10,GAD_11,GAD_12
THSD7B,1.3359861373901367,0.4721831679344177,1.1181339025497437,3.462484359741211,6.461709022521973,0.3515562415122986,0.8302097320556641,0.09680728614330292,0.273895800113678,0.4678361117839813,0.3408888280391693,2.5023202896118164
ALCAM,0.6215155124664307,1.8677830696105957,1.6130166053771973,1.5997378826141357,0.17250099778175354,1.1969151496887207,1.5337668657302856,0.8063358664512634,1.9288638830184937,2.1959054470062256,0.9523004293441772,3.640779972076416
PATJ,0.6576105356216431,2.5552632808685303,0.795115053653717,1.373271107673645,0.665684163570404,0.7954829335212708,1.1273189783096313,0.6676994562149048,0.5388733744621277,2.162014961242676,0.962037980556488,0.6501260995864868
GLIS3,1.2961045503616333,0.06535310298204422,0.0543108806014061,0.7062514424324036,0.03959419205784798,0.04087764769792557,0.4228222072124481,0.08986617624759674,0.04570149630308151,0.06855820119380951,0.0579751618206501,0.28590258955955505
TOX3,3.0284998416900635,1.7121362686157227,0.6875807046890259,0.9769687056541443,0.30426380038261414,0.5510943531990051,1.0123140811920166,1.8675848245620728,2.4690260887145996,1.8432791233062744,1.5699338912963867,0.5178863406181335
COL25A1,3.7170088291168213,4.773662567138672,1.7675845623016357,0.5642870664596558,1.4893510341644287,0.5521037578582764,1.9436568021774292,2.0580530166625977,1.6554615497589111,0.1401878297328949,2.2824299335479736,3.9106602668762207
KIT,4.151028633117676,3.150702476501465,1.3358229398727417,1.2725073099136353,0.08688219636678696,0.08707434684038162,0.644365668296814,0.04349767416715622,0.12597687542438507,0.097763791680336,0.05041121318936348,0.05668318271636963
ALK,4.555633068084717,3.511453866958618,0.642845094203949,1.794676423072815,0.28074440360069275,0.7164523005485535,1.9328786134719849,3.439363479614258,4.200725555419922,3.5050904750823975,1.836026906967163,1.640169620513916
RELN,2.9804468154907227,0.21566657721996307,0.4074934720993042,2.9487011432647705,7.194466590881348,0.16028964519500732,1.4692054986953735,0.15488143265247345,0.13346152007579803,0.894659698009491,3.595773458480835,3.7460150718688965
TOX2,2.996490001678467,3.0267131328582764,0.28406497836112976,0.4360140860080719,0.06597453355789185,0.4840411841869354,1.189242959022522,1.7938060760498047,1.2019097805023193,1.6070250272750854,1.9085078239440918,0.6795324683189392
TACR1,2.849792718887329,4.08759880065918,0.42226293683052063,0.25585103034973145,2.202894687652588,0.9186888933181763,0.7701927423477173,0.6736851334571838,0.0773102343082428,4.503785133361816,0.7107186317443848,0.42077746987342834
TRPC6,0.44812217354774475,3.2104756832122803,0.1266791820526123,0.19977989792823792,0.08592838793992996,0.0124486293643713,0.5541471242904663,1.1256991624832153,0.12039381265640259,1.1689929962158203,0.8042610883712769,2.033944845199585
NTNG1,1.5440044403076172,2.5320539474487305,0.332679808139801,0.1625642478466034,0.10578888654708862,0.06103586032986641,0.8376428484916687,0.08425205200910568,0.20970425009727478,0.23164182901382446,0.12195578217506409,0.11527125537395477
FBN2,0.6792891621589661,0.6037588715553284,0.18709886074066162,0.7622876763343811,0.010053266771137714,0.39675071835517883,0.40880581736564636,0.02784902974963188,0.019392307847738266,0.6242862939834595,0.05874241143465042,0.09177282452583313
GPRIN3,0.08658220618963242,0.12526309490203857,0.6416611671447754,1.0576400756835938,0.06348209083080292,0.033700209110975266,0.5592068433761597,0.14820198714733124,0.047175612300634384,0.5213876366615295,0.8141060471534729,0.26911070942878723
SPACA1,0.12995316088199615,0.02456529065966606,0.21027663350105286,0.8890929222106934,0.24121198058128357,0.006832795683294535,0.12392612546682358,0.03883486986160278,0.007338863797485828,0.2385617047548294,0.042672451585531235,0.03742772713303566
ARHGAP6,1.030763030052185,2.6891911029815674,0.518318235874176,0.8860111236572266,0.21133477985858917,0.7374318242073059,0.7842814326286316,0.7281923890113831,2.1712558269500732,0.12292500585317612,0.748717725276947,1.021630048751831
CDH4,1.0151504278182983,0.5896434187889099,0.7891606092453003,2.3288862705230713,4.744297027587891,0.9055468440055847,0.8792887926101685,0.16639937460422516,1.1250554323196411,1.9363750219345093,0.8516106009483337,1.7810324430465698
SORCS3,2.1288161277770996,0.3894369602203369,3.1812379360198975,2.8777403831481934,0.48225224018096924,0.14414401352405548,2.318237781524658,2.0794436931610107,0.26958268880844116,0.3431955873966217,0.5483816862106323,0.6275568008422852
PBX3,2.948157548904419,2.2657837867736816,0.6051756143569946,1.1650612354278564,0.20921312272548676,5.475682258605957,1.2567296028137207,1.010252833366394,0.9274821281433105,0.14962312579154968,0.2445879429578781,0.5895469784736633
KCNK13,0.5255088806152344,0.4425293803215027,0.8646699786186218,0.20264531672000885,0.06789912283420563,0.03876058757305145,0.5608237385749817,1.3437963724136353,0.33227136731147766,0.8384481072425842,0.18033328652381897,0.23094749450683594
SYT10,0.11317238956689835,0.04627173766493797,0.18415585160255432,0.11968977004289627,0.17326782643795013,1.990575909614563,0.34515181183815,0.728062093257904,2.085875988006592,1.7023130655288696,0.07930079102516174,0.08491800725460052
TMEM132C,0.6001619100570679,0.989651083946228,0.19204355776309967,0.16723743081092834,1.8739820718765259,0.06253573298454285,1.0233749151229858,2.933002233505249,3.467895984649658,0.45674559473991394,0.9031773209571838,0.16744768619537354
CHST9,0.06019144132733345,0.7919857501983643,0.07179909944534302,0.2121056616306305,0.1610698699951172,0.9098577499389648,0.7531323432922363,0.6606343984603882,0.06429936736822128,0.1149502545595169,0.06671814620494843,1.193961501121521
LRRC38,0.011545068584382534,0.011691459454596043,0.011995135806500912,0.013059037737548351,0.0,0.0029242539312690496,0.30383849143981934,1.270148515701294,0.3313997983932495,0.013953201472759247,0.03693236783146858,0.04213941469788551
SULF1,0.1399795562028885,0.19084863364696503,1.3678871393203735,0.08153016865253448,0.09284310787916183,0.8991398215293884,0.7426487803459167,1.9336204528808594,1.1997641324996948,0.0372946560382843,0.2085890918970108,3.056952953338623
FAM19A1,2.178642511367798,2.1829800605773926,1.99223792552948,2.192363977432251,1.6599098443984985,1.9812076091766357,2.010352373123169,2.095513105392456,1.8656609058380127,2.343644380569458,1.9782017469406128,2.069173812866211
POSTN,0.027484772726893425,0.05553845688700676,0.06490670889616013,0.052259694784879684,0.04680574685335159,0.0019085106905549765,0.6701552867889404,2.053645133972168,3.5909647941589355,0.06091103330254555,0.26209062337875366,0.10448626428842545
EYS,0.6798375844955444,0.8168124556541443,0.7927922606468201,0.8842705488204956,0.5413232445716858,0.5223360657691956,1.8803664445877075,4.060064792633057,3.315157413482666,1.6060765981674194,2.3023269176483154,0.796312689781189
MYO5B,2.178642511367798,2.1829800605773926,1.99223792552948,2.192363977432251,1.6599098443984985,1.9812076091766357,2.010352373123169,2.095513105392456,1.8656609058380127,2.343644380569458,1.9782017469406128,2.069173812866211
ABCB4,0.31093138456344604,0.2717975080013275,0.8041102886199951,0.4241263270378113,0.05762552469968796,0.1685510277748108,0.2704038918018341,0.509189784526825,0.46988996863365173,0.3295057713985443,0.01917692832648754,0.1345342993736267
RNF144B,0.08437885344028473,0.1634255349636078,0.5803840756416321,0.20928700268268585,0.08925094455480576,0.5111398100852966,0.9297236800193787,2.335557460784912,0.5961607098579407,0.7825811505317688,0.716289222240448,0.617713987827301
SLIT2,2.029331922531128,4.416371822357178,1.8782273530960083,1.1429983377456665,0.2931089997291565,0.1736961305141449,2.478189706802368,3.9618189334869385,3.2818546295166016,0.48770058155059814,0.7775866389274597,5.178225517272949
CALN1,2.178642511367798,2.1829800605773926,1.99223792552948,2.192363977432251,1.6599098443984985,1.9812076091766357,2.010352373123169,2.095513105392456,1.8656609058380127,2.343644380569458,1.9782017469406128,2.069173812866211
FAM179A,2.178642511367798,2.1829800605773926,1.99223792552948,2.192363977432251,1.6599098443984985,1.9812076091766357,2.010352373123169,2.095513105392456,1.8656609058380127,2.343644380569458,1.9782017469406128,2.069173812866211
FILIP1,0.5482377409934998,0.21654976904392242,0.4277079701423645,0.18556906282901764,0.06283258646726608,0.5290198922157288,0.6167318820953369,1.7388721704483032,0.23252707719802856,0.15706798434257507,0.22304445505142212,0.26914334297180176
PRKG1,1.5960965156555176,3.201359510421753,1.2513506412506104,1.4613186120986938,4.213801383972168,4.405380725860596,3.2105445861816406,4.4872355461120605,5.180820941925049,2.143690347671509,2.2169339656829834,4.27313232421875
B3GLCT,0.6077395081520081,0.5603625178337097,0.7329107522964478,0.5802617073059082,0.6748645901679993,0.3957754373550415,0.9059323668479919,1.5173853635787964,0.517841100692749,0.9058478474617004,0.15939250588417053,0.16625021398067474
BTBD11,2.035609006881714,1.4592992067337036,3.214115858078003,2.021059513092041,0.17991770803928375,0.2561984956264496,1.767454743385315,4.048948287963867,3.2925872802734375,1.9463238716125488,0.6901598572731018,0.7183725237846375
CCDC141,0.020958922803401947,0.03381974995136261,0.019619787111878395,0.027959000319242477,0.2641748785972595,0.027219947427511215,0.2674744129180908,1.0340348482131958,0.02165888622403145,0.08681444823741913,0.05181341618299484,0.16361720860004425
CHRM2,0.2262936234474182,0.10699793696403503,0.19471502304077148,0.6849124431610107,0.05657990276813507,2.0772125720977783,0.8668369650840759,0.8238354921340942,0.06259983777999878,3.485072135925293,0.7388806939125061,1.9578980207443237
CPNE8,0.4162319600582123,0.28031882643699646,0.573699414730072,0.2538449764251709,0.09193489700555801,1.583088994026184,0.7344604730606079,0.37308168411254883,1.8874454498291016,0.21858292818069458,0.4171069860458374,1.6502965688705444
NOS1,0.7427093386650085,3.5130274295806885,0.1476816087961197,0.11094541847705841,0.1584887057542801,1.7068042755126953,0.6903019547462463,0.8946597576141357,0.09270400553941727,5.223686218261719,1.5213027000427246,0.6659233570098877
ARHGAP18,0.11210983991622925,0.9290131330490112,1.1642531156539917,2.1735897064208984,0.09599347412586212,0.031409721821546555,0.6253851652145386,0.09790470451116562,0.236131489276886,1.273089051246643,0.3886505961418152,0.4556996524333954
PCDH15,1.611871361732483,3.0561716556549072,3.062652826309204,3.044489622116089,3.2541842460632324,1.4913978576660156,2.9950990676879883,2.0525364875793457,0.4476766586303711,6.057250022888184,4.846819877624512,4.066562652587891
VEGFC,0.012634276412427425,0.08259017020463943,0.09608928859233856,0.5036975741386414,1.634013295173645,0.08457699418067932,0.13635092973709106,0.017777632921934128,0.1351468861103058,0.023409433662891388,0.07958970963954926,0.3341946601867676
ADARB2,6.709178447723389,4.819252967834473,6.170969486236572,6.523096084594727,0.3244626820087433,4.298487663269043,2.535890579223633,0.17274075746536255,0.9867556095123291,0.3065514862537384,0.24048998951911926,0.3558744490146637
SEMA3C,0.08226427435874939,0.05440818890929222,0.6537585854530334,0.19833555817604065,0.35404592752456665,0.021371889859437943,0.3222878575325012,0.020782489329576492,0.020676877349615097,0.022388910874724388,0.1237480565905571,0.06691376864910126
CNR1,1.619834303855896,0.40865767002105713,1.9531859159469604,3.64595627784729,1.7223278284072876,0.08742184937000275,0.978095293045044,0.2792452871799469,0.14218725264072418,1.1442372798919678,0.43903788924217224,0.47429370880126953
TRPM3,0.6666437983512878,0.7274489998817444,0.30781179666519165,1.3355690240859985,5.381978511810303,4.918759346008301,1.9403228759765625,0.9642040133476257,0.4967237412929535,0.39245784282684326,0.395855575799942,1.2114875316619873
ABI3BP,0.1778169572353363,0.2940201759338379,0.4681871235370636,0.20572739839553833,0.22774198651313782,0.1306186318397522,0.9376958608627319,0.6235551834106445,0.7809655666351318,3.372464895248413,2.789820909500122,1.9971734285354614
NELL1,0.47603118419647217,1.9405101537704468,0.6461837291717529,2.3667094707489014,0.29641851782798767,0.052591413259506226,2.1888813972473145,0.19857293367385864,0.18606971204280853,4.165676116943359,1.7803897857666016,1.2568674087524414
TRHDE,0.7214505672454834,0.34266212582588196,2.0842251777648926,2.2604820728302,3.6486270427703857,1.300252914428711,1.9842733144760132,0.9629350900650024,0.6436823606491089,0.9443081617355347,3.758289337158203,5.045450687408447
CBLN4,0.031297795474529266,0.042841918766498566,0.23909255862236023,0.058991093188524246,0.09114129841327667,0.01808704249560833,0.292527437210083,0.11004364490509033,0.062468577176332474,0.23218485713005066,0.9338881373405457,0.5297344326972961
COL24A1,0.5521247386932373,3.290970802307129,0.46884042024612427,0.23946726322174072,0.4060310423374176,0.04909766465425491,1.2025264501571655,0.6034055352210999,1.047508955001831,4.124655723571777,2.4569091796875,0.6670369505882263
PTPRT,5.397777080535889,5.10247278213501,0.7286252975463867,1.8926645517349243,0.45696642994880676,1.3502836227416992,3.1612167358398438,1.810435175895691,3.700208902359009,5.897529125213623,2.8857522010803223,3.832000970840454
SERPINI1,0.6301892399787903,1.0254772901535034,0.8291482925415039,1.0751926898956299,0.5504606366157532,2.327198028564453,1.9970170259475708,2.602774143218994,0.8551364541053772,2.182034492492676,1.9515782594680786,3.0563390254974365
GLRA3,0.5310879349708557,0.6234211921691895,0.5731425285339355,0.453117698431015,0.35997045040130615,0.19355124235153198,0.8766013979911804,0.48479026556015015,0.09370313584804535,0.41088128089904785,0.3923063576221466,0.9485212564468384
NXPH1,5.011374473571777,5.582810401916504,0.3930724859237671,1.7629449367523193,2.139863967895508,1.7911020517349243,3.387817859649658,5.24788761138916,4.6430511474609375,4.668203830718994,5.529886722564697,5.44924259185791
PCDH11X,2.178642511367798,2.1829800605773926,1.99223792552948,2.192363977432251,1.6599098443984985,1.9812076091766357,2.010352373123169,2.095513105392456,1.8656609058380127,2.343644380569458,1.9782017469406128,2.069173812866211
COL12A1,2.061600923538208,1.9575105905532837,0.4372057020664215,0.8488835692405701,0.12216982990503311,0.03925786912441254,0.5417008996009827,0.20198726654052734,0.8340691328048706,0.037825554609298706,0.7818195223808289,0.23891226947307587
ARHGAP24,0.07824775576591492,0.09160242229700089,0.4486459195613861,0.1376429945230484,0.07802922278642654,0.2764885425567627,0.3244088292121887,0.22454725205898285,0.09444943815469742,3.622276782989502,0.5082234740257263,0.33150845766067505
SYT9,0.0672612115740776,0.10120490193367004,0.6325718760490417,0.6394742727279663,0.054698001593351364,0.03603074699640274,0.4702543020248413,0.0715092122554779,0.22793526947498322,2.628464460372925,0.7415491938591003,0.19930443167686462
TAC1,0.15106485784053802,0.11484628170728683,0.11159911751747131,0.3736122250556946,0.05861547961831093,0.6121188998222351,0.47648727893829346,1.2544056177139282,0.15326528251171112,3.337709426879883,1.032902717590332,0.4207562804222107
NPY,0.0335347019135952,0.06220504641532898,0.08014645427465439,0.07349776476621628,0.06443308293819427,0.1863643079996109,0.15401603281497955,0.02933799847960472,0.04390149936079979,5.94096565246582,0.48811444640159607,0.49293556809425354
COL19A1,0.3259914517402649,0.5007961392402649,2.9307925701141357,0.7127081751823425,0.2662825584411621,0.6045712828636169,1.9009236097335815,1.5416114330291748,0.5912654399871826,2.104210376739502,3.493734359741211,1.0822772979736328
KCTD8,0.18628756701946259,0.19830341637134552,0.5104652643203735,1.0354470014572144,3.68817400932312,3.0305612087249756,2.191465139389038,3.4555253982543945,2.5140912532806396,1.1652976274490356,2.8979177474975586,2.638564348220825
NCKAP5,0.7648531198501587,1.1055773496627808,1.7878037691116333,1.9831453561782837,0.2632617652416229,0.11436604708433151,1.1408382654190063,0.31289786100387573,0.18190142512321472,0.8211422562599182,1.6742342710494995,2.0194365978240967
UNC13C,3.2035343647003174,3.635050058364868,1.2593110799789429,0.5636515617370605,3.940537929534912,0.35681676864624023,1.7505714893341064,0.3375800848007202,0.39125242829322815,0.987019956111908,2.901232957839966,0.6881750822067261
ANKRD55,0.11304254829883575,0.095543272793293,0.83196622133255,0.49941307306289673,0.03325289115309715,0.034840770065784454,0.5529171228408813,0.5444897413253784,0.04545264691114426,0.79831463098526,1.7508031129837036,0.10029609501361847
MAN1A1,0.2221023589372635,0.5416284203529358,1.0476281642913818,1.0088999271392822,1.8282722234725952,1.9672081470489502,1.3896543979644775,0.2456969916820526,0.3431830108165741,1.4988107681274414,2.7703115940093994,1.26181161403656
EGFR,3.6117773056030273,2.1694469451904297,2.741656541824341,1.7411906719207764,2.059324026107788,0.09001196175813675,0.9103869199752808,0.3452598452568054,0.29744964838027954,0.1240711510181427,0.2915889620780945,0.09717562049627304
FREM1,1.3904999494552612,0.4355001151561737,0.37403732538223267,0.09779481589794159,0.18632806837558746,0.027311136946082115,0.22888381779193878,0.019347427412867546,0.060848068445920944,0.029389962553977966,0.2782449424266815,0.6807722449302673
SKAP1,0.030400952324271202,0.033328354358673096,0.03126126527786255,0.26137933135032654,0.009834649041295052,0.010983307845890522,0.07243535667657852,0.03694617375731468,0.029356379061937332,0.04218044877052307,0.038473546504974365,0.0408351868391037
CALB2,0.19104835391044617,0.3251200020313263,2.5794568061828613,1.4077168703079224,0.9660388827323914,1.753127932548523,0.394574373960495,0.046300504356622696,0.09996791183948517,0.19089104235172272,0.06165141984820366,0.1140410378575325
PCSK6,1.0244603157043457,0.15941303968429565,1.210332989692688,0.5282788872718811,3.18062162399292,0.17885451018810272,0.5025743246078491,0.11947687715291977,0.06215861067175865,1.4705288410186768,0.13905468583106995,0.06484800577163696
CREB5,0.08570273220539093,0.19426806271076202,1.1508373022079468,0.1260536015033722,0.33389124274253845,0.08771611750125885,0.5978373289108276,0.6881024241447449,2.059776544570923,0.23665758967399597,0.3065534234046936,0.34916800260543823
CRH,0.5965881943702698,0.18150782585144043,2.1148858070373535,1.4131591320037842,0.12190832942724228,0.095366932451725,0.3933211863040924,0.1006852239370346,1.0008753538131714,0.08465421944856644,0.0586371012032032,0.10328759253025055
MYO16,4.015468597412109,3.2682480812072754,1.3360249996185303,2.0622525215148926,0.18821892142295837,5.1735405921936035,1.944239854812622,2.8392512798309326,4.104854583740234,1.3121778964996338,0.39180928468704224,1.0783096551895142
THSD4,0.11722783744335175,0.11247917264699936,1.6492314338684082,0.5150473117828369,0.07353204488754272,0.12356049567461014,0.7038645148277283,0.06764869391918182,0.08628959953784943,0.9131404161453247,0.10930189490318298,0.2111041247844696
ANO1,0.2456905096769333,0.18953873217105865,1.0542757511138916,0.22334320843219757,0.05452791601419449,0.8868138790130615,0.5334442257881165,1.1516177654266357,1.9182499647140503,0.17546342313289642,0.09980247169733047,1.211889624595642
THSD7A,1.3796882629394531,0.6198660731315613,4.543731212615967,3.435076951980591,4.8444390296936035,1.1372183561325073,2.132467269897461,1.1358662843704224,5.696074485778809,1.1827945709228516,1.0513744354248047,2.0446279048919678
TRPC4,0.44389230012893677,0.2957737147808075,1.9034838676452637,0.3796900808811188,0.1300082802772522,0.7828395366668701,1.1862012147903442,1.9820035696029663,3.1527328491210938,0.1272808164358139,0.31077876687049866,0.6670294404029846
VIP,0.0900958925485611,0.06105681136250496,2.110318422317505,0.5523155331611633,0.08460010588169098,0.033307164907455444,0.23797334730625153,0.021472690626978874,0.03717825189232826,0.020479515194892883,0.0387481264770031,0.04675546661019325
