pCL_name (or CL_name),transcriptome data cluster,TDC_id,pCL_id (or CL_id),definition,part_of (uberon_id),Species_source,Species_ID,part_of (uberon_name),is_a (CL or pCL_id)_parent_ID,is_a (CL or pCL_name)_parent_name,cluster_size (number of cells),f-measure_evidence,marker_gene_evidence,selectively_expresses,selectively_expresses,selectively_expresses,selectively_expresses,selectively_expresses,neuron_type
GABAergic interneuron of the primary motor cortex,,Bakken1,pCL98,,UBERON_0001384,,,, CL_0010011,cerebral cortex GABAergic interneuron,,,,,,,,,GAD
Astro FGFR3 EPHB1,Astro FGFR3 EPHB1,Bakken264,pCL368,"is a marmoset primary motor cortex astrocyte of the cerebral cortex that selectively expresses ETNPPL, and MOXD1, and PLEKHA7 mRNAs",UBERON_0001384,Marmoset,NCBI:txid9483,primary motor cortex,CL_0002605,astrocyte of the cerebral cortex,1045,0.428954424,3,ETNPPL,MOXD1,PLEKHA7,,,astro
Astro FGFR3 GFAP,Astro FGFR3 GFAP,Bakken265,pCL369,"is a marmoset primary motor cortex astrocyte of the cerebral cortex that selectively expresses GFAP, and  mRNAs",UBERON_0001384,Marmoset,NCBI:txid9483,primary motor cortex,CL_0002605,astrocyte of the cerebral cortex,332,0.851403061,1,GFAP,,,,,astro
Astro FGFR3 NWD1,Astro FGFR3 NWD1,Bakken266,pCL370,"is a marmoset primary motor cortex astrocyte of the cerebral cortex that selectively expresses CCDC129, and LOC100406856, and LOC108587679, and NWD1, and SLC1A2 mRNAs",UBERON_0001384,Marmoset,NCBI:txid9483,primary motor cortex,CL_0002605,astrocyte of the cerebral cortex,3471,0.617709319,5,CCDC129,LOC100406856,LOC108587679,NWD1,SLC1A2,astro
Astro FGFR3 RCN2,Astro FGFR3 RCN2,Bakken267,pCL371,"is a marmoset primary motor cortex astrocyte of the cerebral cortex that selectively expresses BMPR1B, and CCDC129, and FABP7, and MOXD1 mRNAs",UBERON_0001384,Marmoset,NCBI:txid9483,primary motor cortex,CL_0002605,astrocyte of the cerebral cortex,2187,0.519019987,4,BMPR1B,CCDC129,FABP7,MOXD1,,astro
Endo NOSTRIN CXCL12,Endo NOSTRIN CXCL12,Bakken268,pCL372,"is a marmoset primary motor cortex cerebral cortex endothelial cell that selectively expresses MECOM, and SLC7A5 mRNAs",UBERON_0001384,Marmoset,NCBI:txid9483,primary motor cortex,CL_1001602,cerebral cortex endothelial cell,1569,0.822898032,2,MECOM,SLC7A5,,,,endo
Endo NOSTRIN IL1R1,Endo NOSTRIN IL1R1,Bakken269,pCL373,"is a marmoset primary motor cortex cerebral cortex endothelial cell that selectively expresses ADGRG6, and IL1R1 mRNAs",UBERON_0001384,Marmoset,NCBI:txid9483,primary motor cortex,CL_1001602,cerebral cortex endothelial cell,228,0.690298507,2,ADGRG6,IL1R1,,,,endo
Exc FEZF2 ARSJ,Exc FEZF2 ARSJ,Bakken270,pCL374,"is a Layer 6b marmoset primary motor cortex Glutamatergic neuron that selectively expresses HS3ST4, and THSD4 mRNAs",UBERON_0001384,Marmoset,NCBI:txid9483,primary motor cortex,pCL112,Layer 6b neuron,890,0.838160753,2,HS3ST4,THSD4,,,,glut
Exc FEZF2 CRYM,Exc FEZF2 CRYM,Bakken271,pCL375,"is a Layer 5-6 non-pyramidal marmoset primary motor cortex Glutamatergic neuron that selectively expresses CHRM2, and HMCN1 mRNAs",UBERON_0001384,Marmoset,NCBI:txid9483,primary motor cortex,pCL108,Layer 5-6 non-pyramidal neuron,1011,0.709812109,2,CHRM2,HMCN1,,,,glut
Exc FEZF2 NRP1,Exc FEZF2 NRP1,Bakken272,pCL376,"is a Layer 6 Corticothalamic marmoset primary motor cortex Glutamatergic neuron that selectively expresses HS3ST4, and NRP1 mRNAs",UBERON_0001384,Marmoset,NCBI:txid9483,primary motor cortex,pCL109,Layer 6 Corticothalamic neuron,1195,0.589325426,2,HS3ST4,NRP1,,,,glut
Exc FEZF2 PDZRN4,Exc FEZF2 PDZRN4,Bakken273,pCL377,"is a Layer 5 Extratelencephalic marmoset primary motor cortex Glutamatergic neuron that selectively expresses ERG, and PDZRN4 mRNAs",UBERON_0001384,Marmoset,NCBI:txid9483,primary motor cortex,pCL106,Layer 5 Extratelencephalic neuron,158,0.529100529,2,ERG,PDZRN4,,,,glut
Exc FEZF2 PIEZO2,Exc FEZF2 PIEZO2,Bakken274,pCL378,"is a Layer 5 Extratelencephalic marmoset primary motor cortex Glutamatergic neuron that selectively expresses FBN2, and LOC103793569 mRNAs",UBERON_0001384,Marmoset,NCBI:txid9483,primary motor cortex,pCL106,Layer 5 Extratelencephalic neuron,337,0.689265537,2,FBN2,LOC103793569,,,,glut
Exc FEZF2 RGS4,Exc FEZF2 RGS4,Bakken275,pCL379,"is a Layer 6 Corticothalamic marmoset primary motor cortex Glutamatergic neuron that selectively expresses BMP5, and HS3ST4 mRNAs",UBERON_0001384,Marmoset,NCBI:txid9483,primary motor cortex,pCL109,Layer 6 Corticothalamic neuron,1809,0.555153052,2,BMP5,HS3ST4,,,,glut
Exc RORB ACTA2,Exc RORB ACTA2,Bakken276,pCL380,"is a Layer 5 Intratelencephalic marmoset primary motor cortex Glutamatergic neuron that selectively expresses FOXP2, and RORB, and VWC2L mRNAs",UBERON_0001384,Marmoset,NCBI:txid9483,primary motor cortex,pCL107,Layer 5 Intratelencephalic neuron,1664,0.59532925,3,FOXP2,RORB,VWC2L,,,glut
Exc RORB ANKRD27,Exc RORB ANKRD27,Bakken277,pCL381,"is a Layer 5 Intratelencephalic marmoset primary motor cortex Glutamatergic neuron that selectively expresses GRAMD1C, and PLCH1, and POU6F2 mRNAs",UBERON_0001384,Marmoset,NCBI:txid9483,primary motor cortex,pCL107,Layer 5 Intratelencephalic neuron,4037,0.636296021,3,GRAMD1C,PLCH1,POU6F2,,,glut
Exc RORB CAV3,Exc RORB CAV3,Bakken278,pCL382,is a Layer 5 Intratelencephalic marmoset primary motor cortex Glutamatergic neuron that selectively expresses LOC100408486 mRNAs,UBERON_0001384,Marmoset,NCBI:txid9483,primary motor cortex,pCL107,Layer 5 Intratelencephalic neuron,450,0.34148398,1,LOC100408486,,,,,glut
Exc RORB CHGA,Exc RORB CHGA,Bakken279,pCL383,"is a Layer 5 Intratelencephalic marmoset primary motor cortex Glutamatergic neuron that selectively expresses HS3ST4, and RCSD1, and RORB, and TOX mRNAs",UBERON_0001384,Marmoset,NCBI:txid9483,primary motor cortex,pCL107,Layer 5 Intratelencephalic neuron,2049,0.504934433,4,HS3ST4,RCSD1,RORB,TOX,,glut
Exc RORB HACL1,Exc RORB HACL1,Bakken280,pCL384,"is a Layer 5 Intratelencephalic marmoset primary motor cortex Glutamatergic neuron that selectively expresses AMOTL1, and CMTM8, and FAM19A1, and NRG1 mRNAs",UBERON_0001384,Marmoset,NCBI:txid9483,primary motor cortex,pCL107,Layer 5 Intratelencephalic neuron,1857,0.682843032,4,AMOTL1,CMTM8,FAM19A1,NRG1,,glut
Exc RORB KNL1,Exc RORB KNL1,Bakken281,pCL385,is a Layer 5 Intratelencephalic marmoset primary motor cortex Glutamatergic neuron that selectively expresses VAV3 mRNAs,UBERON_0001384,Marmoset,NCBI:txid9483,primary motor cortex,pCL107,Layer 5 Intratelencephalic neuron,396,0.11440678,1,VAV3,,,,,glut
Exc RORB LOC108588466,Exc RORB LOC108588466,Bakken282,pCL386,"is a Layer 2-3 Intratelencephalic marmoset primary motor cortex Glutamatergic neuron that selectively expresses ARHGAP10, and LOC108588466, and PDZD2, and RGS6 mRNAs",UBERON_0001384,Marmoset,NCBI:txid9483,primary motor cortex,pCL105,Layer 2-3 Intratelencephalic neuron,6254,0.48223814,4,ARHGAP10,LOC108588466,PDZD2,RGS6,,glut
Exc RORB LOC108593203,Exc RORB LOC108593203,Bakken283,pCL387,"is a Layer 5 Intratelencephalic marmoset primary motor cortex Glutamatergic neuron that selectively expresses LOC108593203, and VWC2L mRNAs",UBERON_0001384,Marmoset,NCBI:txid9483,primary motor cortex,pCL107,Layer 5 Intratelencephalic neuron,2104,0.62913299,2,LOC108593203,VWC2L,,,,glut
Exc RORB NDST3,Exc RORB NDST3,Bakken284,pCL388,"is a Layer 2-3 Intratelencephalic marmoset primary motor cortex Glutamatergic neuron that selectively expresses CHST9, and DGKG, and KIAA2012 mRNAs",UBERON_0001384,Marmoset,NCBI:txid9483,primary motor cortex,pCL105,Layer 2-3 Intratelencephalic neuron,4037,0.491789614,3,CHST9,DGKG,KIAA2012,,,glut
Exc RORB PPA2,Exc RORB PPA2,Bakken285,pCL389,"is a Layer 5 Intratelencephalic marmoset primary motor cortex Glutamatergic neuron that selectively expresses EYA4, and HS3ST4, and LOC108588895 mRNAs",UBERON_0001384,Marmoset,NCBI:txid9483,primary motor cortex,pCL107,Layer 5 Intratelencephalic neuron,1137,0.664050709,3,EYA4,HS3ST4,LOC108588895,,,glut
Exc RORB SERPINE2,Exc RORB SERPINE2,Bakken286,pCL390,"is a Layer 2-3 Intratelencephalic marmoset primary motor cortex Glutamatergic neuron that selectively expresses CHST8, and PLA2G4A, and SNTB2 mRNAs",UBERON_0001384,Marmoset,NCBI:txid9483,primary motor cortex,pCL105,Layer 2-3 Intratelencephalic neuron,1031,0.321620012,3,CHST8,PLA2G4A,SNTB2,,,glut
Exc RORB SLC38A11,Exc RORB SLC38A11,Bakken287,pCL391,"is a Layer 5 Intratelencephalic marmoset primary motor cortex Glutamatergic neuron that selectively expresses FOXP2, and SLC38A11, and TOX mRNAs",UBERON_0001384,Marmoset,NCBI:txid9483,primary motor cortex,pCL107,Layer 5 Intratelencephalic neuron,917,0.586744639,3,FOXP2,SLC38A11,TOX,,,glut
Exc RORB USH1C,Exc RORB USH1C,Bakken288,pCL392,"is a Layer 5 Intratelencephalic marmoset primary motor cortex Glutamatergic neuron that selectively expresses SPON1, and TMEM163, and USH1C mRNAs",UBERON_0001384,Marmoset,NCBI:txid9483,primary motor cortex,pCL107,Layer 5 Intratelencephalic neuron,2716,0.587506521,3,SPON1,TMEM163,USH1C,,,glut
Exc THEMIS ANO3,Exc THEMIS ANO3,Bakken289,pCL393,"is a Layer 2-3 Intratelencephalic marmoset primary motor cortex Glutamatergic neuron that selectively expresses CHST9, and NPFFR2, and SLC38A11, and SLIT3 mRNAs",UBERON_0001384,Marmoset,NCBI:txid9483,primary motor cortex,pCL105,Layer 2-3 Intratelencephalic neuron,2782,0.529059161,4,CHST9,NPFFR2,SLC38A11,SLIT3,,glut
Exc THEMIS ARL13B,Exc THEMIS ARL13B,Bakken290,pCL394,"is a Layer 5 Extratelencephalic marmoset primary motor cortex Glutamatergic neuron that selectively expresses EPB41L4A, and SV2C, and THEMIS mRNAs",UBERON_0001384,Marmoset,NCBI:txid9483,primary motor cortex,pCL106,Layer 5 Extratelencephalic neuron,425,0.57050592,3,EPB41L4A,SV2C,THEMIS,,,glut
Exc THEMIS COBL,Exc THEMIS COBL,Bakken291,pCL395,"is a Layer 6 Intratelencephalic marmoset primary motor cortex Glutamatergic neuron that selectively expresses CNR1, and GABRG1, and IQGAP2, and NFIA mRNAs",UBERON_0001384,Marmoset,NCBI:txid9483,primary motor cortex,pCL111,Layer 6 Intratelencephalic neuron,809,0.529085873,4,CNR1,GABRG1,IQGAP2,NFIA,,glut
Exc THEMIS KCTD16,Exc THEMIS KCTD16,Bakken292,pCL396,"is a Layer 6 Intratelencephalic marmoset primary motor cortex Glutamatergic neuron that selectively expresses CSGALNACT1, and PLXDC2, and PTPRK, and THEMIS mRNAs",UBERON_0001384,Marmoset,NCBI:txid9483,primary motor cortex,pCL111,Layer 6 Intratelencephalic neuron,2788,0.567090395,4,CSGALNACT1,PLXDC2,PTPRK,THEMIS,,glut
Exc THEMIS NTNG2,Exc THEMIS NTNG2,Bakken293,pCL397,"is a Layer 6 Intratelencephalic Car3 marmoset primary motor cortex Glutamatergic neuron that selectively expresses NTNG2, and PTPRU mRNAs",UBERON_0001384,Marmoset,NCBI:txid9483,primary motor cortex,pCL110,Layer 6 Intratelencephalic neuron that selectively expresses Car3 ,728,0.813899254,2,NTNG2,PTPRU,,,,glut
Glia SLC1A3 FBLN5,Glia SLC1A3 FBLN5,Bakken294,pCL398,is a marmoset primary motor cortex cerebral cortex endothelial cell that selectively expresses FBLN5 mRNAs,UBERON_0001384,Marmoset,NCBI:txid9483,primary motor cortex,CL_1001602,cerebral cortex endothelial cell,54,0.833333333,1,FBLN5,,,,,endo
Inh GAD1 LOC108589948,Inh GAD1 LOC108589948,Bakken295,pCL399,"is a SNCG marmoset primary motor cortex GABAergic interneuron that selectively expresses LOC108589948, and THSD7B mRNAs",UBERON_0001384,Marmoset,NCBI:txid9483,primary motor cortex,pCL115,SNCG expressing GABAergic neuron,332,0.555555556,2,LOC108589948,THSD7B,,,,GAD
Inh GAD1 NPSR1,Inh GAD1 NPSR1,Bakken296,pCL400,"is a VIP marmoset primary motor cortex GABAergic interneuron that selectively expresses ALCAM, and LOC100403193 mRNAs",UBERON_0001384,Marmoset,NCBI:txid9483,primary motor cortex,pCL118,VIP expressing GABAergic neuron,108,0.603448276,2,ALCAM,LOC100403193,,,,GAD
Inh GAD1 PCP4,Inh GAD1 PCP4,Bakken297,pCL401,"is a SNCG marmoset primary motor cortex GABAergic interneuron that selectively expresses PATJ, and THSD7B mRNAs",UBERON_0001384,Marmoset,NCBI:txid9483,primary motor cortex,pCL115,SNCG expressing GABAergic neuron,295,0.523731588,2,PATJ,THSD7B,,,,GAD
Inh LAMP5 COL5A2,Inh LAMP5 COL5A2,Bakken298,pCL402,"is a LAMP5 marmoset primary motor cortex GABAergic interneuron that selectively expresses GLIS3, and TOX3 mRNAs",UBERON_0001384,Marmoset,NCBI:txid9483,primary motor cortex,pCL113,LAMP5 expressing GABAergic neuron,161,0.698602794,2,GLIS3,TOX3,,,,GAD
Inh LAMP5 LOC108591196,Inh LAMP5 LOC108591196,Bakken299,pCL403,"is a LAMP5 marmoset primary motor cortex GABAergic interneuron that selectively expresses COL25A1, and KIT mRNAs",UBERON_0001384,Marmoset,NCBI:txid9483,primary motor cortex,pCL113,LAMP5 expressing GABAergic neuron,435,0.675276753,2,COL25A1,KIT,,,,GAD
Inh LAMP5 TOX2,Inh LAMP5 TOX2,Bakken300,pCL404,"is a LAMP5 marmoset primary motor cortex GABAergic interneuron that selectively expresses ALK, and RELN, and TOX2 mRNAs",UBERON_0001384,Marmoset,NCBI:txid9483,primary motor cortex,pCL113,LAMP5 expressing GABAergic neuron,93,0.6,3,ALK,RELN,TOX2,,,GAD
Inh LAMP5 TRPC6,Inh LAMP5 TRPC6,Bakken301,pCL405,"is a LAMP5 marmoset primary motor cortex GABAergic interneuron that selectively expresses TACR1, and TRPC6 mRNAs",UBERON_0001384,Marmoset,NCBI:txid9483,primary motor cortex,pCL113,LAMP5 expressing GABAergic neuron,280,0.780456853,2,TACR1,TRPC6,,,,GAD
Inh LAMP5 WWP1,Inh LAMP5 WWP1,Bakken302,pCL406,"is a LAMP5 marmoset primary motor cortex GABAergic interneuron that selectively expresses KIT, and NTNG1 mRNAs",UBERON_0001384,Marmoset,NCBI:txid9483,primary motor cortex,pCL113,LAMP5 expressing GABAergic neuron,276,0.550947867,2,KIT,NTNG1,,,,GAD
Inh PAX6 ANKRD6,Inh PAX6 ANKRD6,Bakken303,pCL407,"is a SNCG marmoset primary motor cortex GABAergic interneuron that selectively expresses FBN2, and GPRIN3, and SPACA1 mRNAs",UBERON_0001384,Marmoset,NCBI:txid9483,primary motor cortex,pCL115,SNCG expressing GABAergic neuron,63,0.381679389,3,FBN2,GPRIN3,SPACA1,,,GAD
Inh PAX6 CDH4,Inh PAX6 CDH4,Bakken304,pCL408,"is a SNCG marmoset primary motor cortex GABAergic interneuron that selectively expresses ARHGAP6, and CDH4, and THSD7B mRNAs",UBERON_0001384,Marmoset,NCBI:txid9483,primary motor cortex,pCL115,SNCG expressing GABAergic neuron,61,0.700636943,3,ARHGAP6,CDH4,THSD7B,,,GAD
Inh PAX6 HMBOX1,Inh PAX6 HMBOX1,Bakken305,pCL409,"is a LAMP5 marmoset primary motor cortex GABAergic interneuron that selectively expresses RELN, and SORCS3 mRNAs",UBERON_0001384,Marmoset,NCBI:txid9483,primary motor cortex,pCL113,LAMP5 expressing GABAergic neuron,229,0.80141844,2,RELN,SORCS3,,,,GAD
Inh PAX6 MEIS2,Inh PAX6 MEIS2,Bakken306,pCL410,is a Meis2 marmoset primary motor cortex GABAergic interneuron that selectively expresses PBX3  mRNAs,UBERON_0001384,Marmoset,NCBI:txid9483,primary motor cortex,pCL364,Meis2 expressing glutamatergic neuron,20,0.723684211,1,PBX3,,,,,GAD
Inh PVALB ADAMTS3,Inh PVALB ADAMTS3,Bakken307,pCL411,"is a PVALB marmoset primary motor cortex GABAergic interneuron that selectively expresses KCNK13, and SYT10, and TMEM132C mRNAs",UBERON_0001384,Marmoset,NCBI:txid9483,primary motor cortex,pCL114,PVALB expressing GABAergic neuron,490,0.588455772,3,KCNK13,SYT10,TMEM132C,,,GAD
Inh PVALB C8H7orf62,Inh PVALB C8H7orf62,Bakken308,pCL412,"is a PVALB marmoset primary motor cortex GABAergic interneuron that selectively expresses CHST9, and LRRC38, and SULF1 mRNAs",UBERON_0001384,Marmoset,NCBI:txid9483,primary motor cortex,pCL114,PVALB expressing GABAergic neuron,265,0.53593947,3,CHST9,LRRC38,SULF1,,,GAD
Inh PVALB FAM19A4,Inh PVALB FAM19A4,Bakken309,pCL413,"is a PVALB marmoset primary motor cortex GABAergic interneuron that selectively expresses FAM19A1, and POSTN mRNAs",UBERON_0001384,Marmoset,NCBI:txid9483,primary motor cortex,pCL114,PVALB expressing GABAergic neuron,772,0.752704327,2,FAM19A1,POSTN,,,,GAD
Inh PVALB GSTK1,Inh PVALB GSTK1,Bakken310,pCL414,"is a PVALB marmoset primary motor cortex GABAergic interneuron that selectively expresses EYS, and MYO5B, and POSTN, and SULF1 mRNAs",UBERON_0001384,Marmoset,NCBI:txid9483,primary motor cortex,pCL114,PVALB expressing GABAergic neuron,113,0.331564987,4,EYS,MYO5B,POSTN,SULF1,,GAD
Inh PVALB KLHL29,Inh PVALB KLHL29,Bakken311,pCL415,"is a PVALB marmoset primary motor cortex GABAergic interneuron that selectively expresses ABCB4, and RNF144B, and SLIT2 mRNAs",UBERON_0001384,Marmoset,NCBI:txid9483,primary motor cortex,pCL114,PVALB expressing GABAergic neuron,104,0.566037736,3,ABCB4,RNF144B,SLIT2,,,GAD
Inh PVALB LOC103789439,Inh PVALB LOC103789439,Bakken312,pCL416,"is a PVALB marmoset primary motor cortex GABAergic interneuron that selectively expresses CALN1, and FAM179A, and FILIP1, and SULF1 mRNAs",UBERON_0001384,Marmoset,NCBI:txid9483,primary motor cortex,pCL114,PVALB expressing GABAergic neuron,162,0.403726708,4,CALN1,FAM179A,FILIP1,SULF1,,GAD
Inh PVALB LOC103790362,Inh PVALB LOC103790362,Bakken313,pCL417,"is a PVALB marmoset primary motor cortex GABAergic interneuron that selectively expresses COL25A1, and FILIP1, and PRKG1 mRNAs",UBERON_0001384,Marmoset,NCBI:txid9483,primary motor cortex,pCL114,PVALB expressing GABAergic neuron,447,0.616236162,3,COL25A1,FILIP1,PRKG1,,,GAD
Inh PVALB OSBP2,Inh PVALB OSBP2,Bakken314,pCL418,"is a PVALB marmoset primary motor cortex GABAergic interneuron that selectively expresses B3GLCT, and BTBD11, and MYO5B mRNAs",UBERON_0001384,Marmoset,NCBI:txid9483,primary motor cortex,pCL114,PVALB expressing GABAergic neuron,245,0.255068672,3,B3GLCT,BTBD11,MYO5B,,,GAD
Inh PVALB OTOGL,Inh PVALB OTOGL,Bakken315,pCL419,"is a PVALB marmoset primary motor cortex GABAergic interneuron that selectively expresses CCDC141, and CHRM2, and POSTN mRNAs",UBERON_0001384,Marmoset,NCBI:txid9483,primary motor cortex,pCL114,PVALB expressing GABAergic neuron,134,0.702702703,3,CCDC141,CHRM2,POSTN,,,GAD
Inh PVALB PCDH19,Inh PVALB PCDH19,Bakken316,pCL420,"is a PVALB marmoset primary motor cortex GABAergic interneuron that selectively expresses CPNE8, and LOC103788721, and POSTN mRNAs",UBERON_0001384,Marmoset,NCBI:txid9483,primary motor cortex,pCL114,PVALB expressing GABAergic neuron,76,0.52238806,3,CPNE8,LOC103788721,POSTN,,,GAD
Inh PVALB SST EYS,Inh PVALB SST EYS,Bakken317,pCL421,"is a PVALB marmoset primary motor cortex GABAergic interneuron that selectively expresses EYS, and LOC103788721, and POSTN mRNAs",UBERON_0001384,Marmoset,NCBI:txid9483,primary motor cortex,pCL114,PVALB expressing GABAergic neuron,224,0.544692737,3,EYS,LOC103788721,POSTN,,,GAD
Inh PVALB SST LRRC6,Inh PVALB SST LRRC6,Bakken318,pCL422,"is a SST marmoset primary motor cortex GABAergic interneuron that selectively expresses COL25A1, and EYS, and NOS1, and TOX2 mRNAs",UBERON_0001384,Marmoset,NCBI:txid9483,primary motor cortex,pCL117,SST expressing GABAergic neuron,149,0.415162455,4,COL25A1,EYS,NOS1,TOX2,,GAD
Inh SNCG CNTN4,Inh SNCG CNTN4,Bakken319,pCL423,"is a SNCG marmoset primary motor cortex GABAergic interneuron that selectively expresses ARHGAP18, and PCDH15, and VEGFC mRNAs",UBERON_0001384,Marmoset,NCBI:txid9483,primary motor cortex,pCL115,SNCG expressing GABAergic neuron,49,0.744680851,3,ARHGAP18,PCDH15,VEGFC,,,GAD
Inh SNCG LOC108587895,Inh SNCG LOC108587895,Bakken320,pCL424,"is a VIP marmoset primary motor cortex GABAergic interneuron that selectively expresses ADARB2, and LOC103793609, and SEMA3C mRNAs",UBERON_0001384,Marmoset,NCBI:txid9483,primary motor cortex,pCL118,VIP expressing GABAergic neuron,260,0.619047619,3,ADARB2,LOC103793609,SEMA3C,,,GAD
Inh SNCG PLPPR1,Inh SNCG PLPPR1,Bakken321,pCL425,"is a SNCG marmoset primary motor cortex GABAergic interneuron that selectively expresses CNR1, and TRPM3 mRNAs",UBERON_0001384,Marmoset,NCBI:txid9483,primary motor cortex,pCL115,SNCG expressing GABAergic neuron,113,0.747800587,2,CNR1,TRPM3,,,,GAD
Inh SST ABI3BP,Inh SST ABI3BP,Bakken322,pCL426,"is a SST marmoset primary motor cortex GABAergic interneuron that selectively expresses ABI3BP, and LOC100401328 mRNAs",UBERON_0001384,Marmoset,NCBI:txid9483,primary motor cortex,pCL117,SST expressing GABAergic neuron,152,0.335051546,2,ABI3BP,LOC100401328,,,,GAD
Inh SST AIM1,Inh SST AIM1,Bakken323,pCL427,"is a SST marmoset primary motor cortex GABAergic interneuron that selectively expresses NELL1, and TRHDE mRNAs",UBERON_0001384,Marmoset,NCBI:txid9483,primary motor cortex,pCL117,SST expressing GABAergic neuron,255,0.387722132,2,NELL1,TRHDE,,,,GAD
Inh SST CBLN4,Inh SST CBLN4,Bakken324,pCL428,"is a SST marmoset primary motor cortex GABAergic interneuron that selectively expresses CBLN4, and COL24A1 mRNAs",UBERON_0001384,Marmoset,NCBI:txid9483,primary motor cortex,pCL117,SST expressing GABAergic neuron,297,0.561613959,2,CBLN4,COL24A1,,,,GAD
Inh SST KIRREL3,Inh SST KIRREL3,Bakken325,pCL429,"is a SST marmoset primary motor cortex GABAergic interneuron that selectively expresses COL25A1, and PTPRT, and SERPINI1 mRNAs",UBERON_0001384,Marmoset,NCBI:txid9483,primary motor cortex,pCL117,SST expressing GABAergic neuron,185,0.498753117,3,COL25A1,PTPRT,SERPINI1,,,GAD
Inh SST LOC103788138,Inh SST LOC103788138,Bakken326,pCL430,"is a SST marmoset primary motor cortex GABAergic interneuron that selectively expresses ALK, and GLRA3, and TRHDE mRNAs",UBERON_0001384,Marmoset,NCBI:txid9483,primary motor cortex,pCL117,SST expressing GABAergic neuron,54,0.576923077,3,ALK,GLRA3,TRHDE,,,GAD
Inh SST LOC103788660,Inh SST LOC103788660,Bakken327,pCL431,"is a SST marmoset primary motor cortex GABAergic interneuron that selectively expresses COL24A1, and COL25A1, and NXPH1 mRNAs",UBERON_0001384,Marmoset,NCBI:txid9483,primary motor cortex,pCL117,SST expressing GABAergic neuron,323,0.46230441,3,COL24A1,COL25A1,NXPH1,,,GAD
Inh SST LOC108588801,Inh SST LOC108588801,Bakken328,pCL432,"is a SST marmoset primary motor cortex GABAergic interneuron that selectively expresses COL25A1, and LOC108588801, and PCDH11X mRNAs",UBERON_0001384,Marmoset,NCBI:txid9483,primary motor cortex,pCL117,SST expressing GABAergic neuron,186,0.735930736,3,COL25A1,LOC108588801,PCDH11X,,,GAD
Inh SST LOC108589054,Inh SST LOC108589054,Bakken329,pCL433,"is a SST marmoset primary motor cortex GABAergic interneuron that selectively expresses SULF1, and THSD7B mRNAs",UBERON_0001384,Marmoset,NCBI:txid9483,primary motor cortex,pCL117,SST expressing GABAergic neuron,113,0.755148741,2,SULF1,THSD7B,,,,GAD
Inh SST LTBP1,Inh SST LTBP1,Bakken330,pCL434,"is a SST marmoset primary motor cortex GABAergic interneuron that selectively expresses COL12A1, and TRHDE mRNAs",UBERON_0001384,Marmoset,NCBI:txid9483,primary motor cortex,pCL117,SST expressing GABAergic neuron,209,0.627400768,2,COL12A1,TRHDE,,,,GAD
Inh SST MPP5,Inh SST MPP5,Bakken331,pCL435,"is a SST marmoset primary motor cortex GABAergic interneuron that selectively expresses ARHGAP24, and SYT9, and TAC1 mRNAs",UBERON_0001384,Marmoset,NCBI:txid9483,primary motor cortex,pCL117,SST expressing GABAergic neuron,48,0.46875,3,ARHGAP24,SYT9,TAC1,,,GAD
Inh SST NPY,Inh SST NPY,Bakken332,pCL436,is a SST CHODL marmoset primary motor cortex GABAergic interneuron that selectively expresses NPY mRNAs,UBERON_0001384,Marmoset,NCBI:txid9483,primary motor cortex,pCL116,SST CHODL expressing GABAergic neuron,19,0.818181818,1,NPY,,,,,GAD
Inh SST P4HA1,Inh SST P4HA1,Bakken333,pCL437,"is a SST marmoset primary motor cortex GABAergic interneuron that selectively expresses ABI3BP, and COL19A1, and KCTD8 mRNAs",UBERON_0001384,Marmoset,NCBI:txid9483,primary motor cortex,pCL117,SST expressing GABAergic neuron,375,0.501930502,3,ABI3BP,COL19A1,KCTD8,,,GAD
Inh SST PCSK5,Inh SST PCSK5,Bakken334,pCL438,"is a SST marmoset primary motor cortex GABAergic interneuron that selectively expresses NCKAP5, and RELN, and UNC13C mRNAs",UBERON_0001384,Marmoset,NCBI:txid9483,primary motor cortex,pCL117,SST expressing GABAergic neuron,541,0.620155039,3,NCKAP5,RELN,UNC13C,,,GAD
Inh SST TMEFF2,Inh SST TMEFF2,Bakken335,pCL439,"is a SST marmoset primary motor cortex GABAergic interneuron that selectively expresses ANKRD55, and LOC100384959, and MAN1A1 mRNAs",UBERON_0001384,Marmoset,NCBI:txid9483,primary motor cortex,pCL117,SST expressing GABAergic neuron,134,0.26984127,3,ANKRD55,LOC100384959,MAN1A1,,,GAD
Inh SST VAPA,Inh SST VAPA,Bakken336,pCL440,"is a SST marmoset primary motor cortex GABAergic interneuron that selectively expresses EYS, and LOC103793609 mRNAs",UBERON_0001384,Marmoset,NCBI:txid9483,primary motor cortex,pCL117,SST expressing GABAergic neuron,153,0.523690773,2,EYS,LOC103793609,,,,GAD
Inh VIP CIT,Inh VIP CIT,Bakken337,pCL441,"is a VIP marmoset primary motor cortex GABAergic interneuron that selectively expresses ARHGAP18, and EGFR, and FREM1 mRNAs",UBERON_0001384,Marmoset,NCBI:txid9483,primary motor cortex,pCL118,VIP expressing GABAergic neuron,304,0.639705882,3,ARHGAP18,EGFR,FREM1,,,GAD
Inh VIP CYP19A1,Inh VIP CYP19A1,Bakken338,pCL442,"is a SNCG marmoset primary motor cortex GABAergic interneuron that selectively expresses LOC103795617, and SKAP1 mRNAs",UBERON_0001384,Marmoset,NCBI:txid9483,primary motor cortex,pCL115,SNCG expressing GABAergic neuron,49,0.537190083,2,LOC103795617,SKAP1,,,,GAD
Inh VIP FIGN,Inh VIP FIGN,Bakken339,pCL443,"is a VIP marmoset primary motor cortex GABAergic interneuron that selectively expresses CALB2, and PCSK6, and UNC13C mRNAs",UBERON_0001384,Marmoset,NCBI:txid9483,primary motor cortex,pCL118,VIP expressing GABAergic neuron,551,0.608856089,3,CALB2,PCSK6,UNC13C,,,GAD
Inh VIP GPR149,Inh VIP GPR149,Bakken340,pCL444,"is a VIP marmoset primary motor cortex GABAergic interneuron that selectively expresses CREB5, and CRH mRNAs",UBERON_0001384,Marmoset,NCBI:txid9483,primary motor cortex,pCL118,VIP expressing GABAergic neuron,218,0.580246914,2,CREB5,CRH,,,,GAD
Inh VIP LOC100397259,Inh VIP LOC100397259,Bakken341,pCL445,"is a VIP marmoset primary motor cortex GABAergic interneuron that selectively expresses CRH, and MYO16 mRNAs",UBERON_0001384,Marmoset,NCBI:txid9483,primary motor cortex,pCL118,VIP expressing GABAergic neuron,256,0.547752809,2,CRH,MYO16,,,,GAD
Inh VIP LOC108588071,Inh VIP LOC108588071,Bakken342,pCL446,"is a VIP marmoset primary motor cortex GABAergic interneuron that selectively expresses LOC103791740, and THSD4 mRNAs",UBERON_0001384,Marmoset,NCBI:txid9483,primary motor cortex,pCL118,VIP expressing GABAergic neuron,364,0.544019934,2,LOC103791740,THSD4,,,,GAD
Inh VIP LOC108588539,Inh VIP LOC108588539,Bakken343,pCL447,"is a VIP marmoset primary motor cortex GABAergic interneuron that selectively expresses LOC103787232, and LOC108588539 mRNAs",UBERON_0001384,Marmoset,NCBI:txid9483,primary motor cortex,pCL118,VIP expressing GABAergic neuron,102,0.602189781,2,LOC103787232,LOC108588539,,,,GAD
Inh VIP LOC108589153,Inh VIP LOC108589153,Bakken344,pCL448,"is a VIP marmoset primary motor cortex GABAergic interneuron that selectively expresses ANO1, and KCNK13, and THSD7A mRNAs",UBERON_0001384,Marmoset,NCBI:txid9483,primary motor cortex,pCL118,VIP expressing GABAergic neuron,173,0.520607375,3,ANO1,KCNK13,THSD7A,,,GAD
Inh VIP THSD7B,Inh VIP THSD7B,Bakken345,pCL449,"is a VIP marmoset primary motor cortex GABAergic interneuron that selectively expresses LOC103788553, and THSD7B mRNAs",UBERON_0001384,Marmoset,NCBI:txid9483,primary motor cortex,pCL118,VIP expressing GABAergic neuron,91,0.564263323,2,LOC103788553,THSD7B,,,,GAD
Inh VIP VAT1L,Inh VIP VAT1L,Bakken346,pCL450,"is a VIP marmoset primary motor cortex GABAergic interneuron that selectively expresses LOC103795407, and TRPC4, and VIP mRNAs",UBERON_0001384,Marmoset,NCBI:txid9483,primary motor cortex,pCL118,VIP expressing GABAergic neuron,201,0.369261477,3,LOC103795407,TRPC4,VIP,,,GAD
Micro TYROBP LOC103788313,Micro TYROBP LOC103788313,Bakken347,pCL451,"is a marmoset primary motor cortex Microglial cell that selectively expresses FYB, and LOC103788313 mRNAs",UBERON_0001384,Marmoset,NCBI:txid9483,primary motor cortex,CL_0000129,Microglial cell,1065,0.923999095,2,FYB,LOC103788313,,,,immune
OPC PDGFRA VCAN,OPC PDGFRA VCAN,Bakken348,pCL452,"is a marmoset primary motor cortex Oligodendrocyte precursor cell that selectively expresses PDGFRA, and VCAN mRNAs",UBERON_0001384,Marmoset,NCBI:txid9483,primary motor cortex,CL_0002453,Oligodendrocyte precursor cell,2256,0.934487292,2,PDGFRA,VCAN,,,,oligo
Oligo OPALIN LOC103790018,Oligo OPALIN LOC103790018,Bakken349,pCL453,"is a marmoset primary motor cortex Oligodendrocyte that selectively expresses LOC103789268, and MOG mRNAs",UBERON_0001384,Marmoset,NCBI:txid9483,primary motor cortex,CL_0000128,Oligodendrocyte,5857,0.798040162,2,LOC103789268,MOG,,,,oligo
Oligo OPALIN MOBP,Oligo OPALIN MOBP,Bakken350,pCL454,"is a marmoset primary motor cortex Oligodendrocyte that selectively expresses ANLN, and MOBP, and SEPP1, and SLC5A11 mRNAs",UBERON_0001384,Marmoset,NCBI:txid9483,primary motor cortex,CL_0000128,Oligodendrocyte,2162,0.603849736,4,ANLN,MOBP,SEPP1,SLC5A11,,oligo
Oligo SLC1A3 LOC103793418,Oligo SLC1A3 LOC103793418,Bakken351,pCL455,"is a marmoset primary motor cortex Oligodendrocyte that selectively expresses CEMIP, and LAMA2 mRNAs",UBERON_0001384,Marmoset,NCBI:txid9483,primary motor cortex,CL_0000128,Oligodendrocyte,161,0.180586907,2,CEMIP,LAMA2,,,,oligo
Peri SLC1A3 CHST3,Peri SLC1A3 CHST3,Bakken352,pCL456,"is a marmoset primary motor cortex brain pericyte that selectively expresses CPM, and LOC100405319, and NOTCH3 mRNAs",UBERON_0001384,Marmoset,NCBI:txid9483,primary motor cortex,pCL366,brain pericyte ,163,0.503875969,3,CPM,LOC100405319,NOTCH3,,,endo
Peri SLC1A3 EPSTI1,Peri SLC1A3 EPSTI1,Bakken353,pCL457,"is a marmoset primary motor cortex brain pericyte that selectively expresses COL4A3, and PLXDC1 mRNAs",UBERON_0001384,Marmoset,NCBI:txid9483,primary motor cortex,pCL366,brain pericyte ,212,0.533405172,2,COL4A3,PLXDC1,,,,endo
VLMC PDGFRA C7,VLMC PDGFRA C7,Bakken354,pCL458,"is a marmoset primary motor cortex Vascular leptomeningeal cells that selectively expresses C7, and DCN mRNAs",UBERON_0001384,Marmoset,NCBI:txid9483,primary motor cortex,pCL367,Vascular leptomeningeal cells,143,0.848484848,2,C7,DCN,,,,endo
VLMC SLC1A3 CEMIP,VLMC SLC1A3 CEMIP,Bakken355,pCL459,"is a marmoset primary motor cortex Vascular leptomeningeal cells that selectively expresses LOC103789461, and SLC9A2 mRNAs",UBERON_0001384,Marmoset,NCBI:txid9483,primary motor cortex,pCL367,Vascular leptomeningeal cells,56,0.643939394,2,LOC103789461,SLC9A2,,,,endo
VLMC SLC1A3 SLC13A3,VLMC SLC1A3 SLC13A3,Bakken356,pCL460,"is a marmoset primary motor cortex Vascular leptomeningeal cells that selectively expresses CARD11, and SLC13A3 mRNAs",UBERON_0001384,Marmoset,NCBI:txid9483,primary motor cortex,pCL367,Vascular leptomeningeal cells,40,0.803571429,2,CARD11,SLC13A3,,,,endo
VLMC SLC1A3 SLC47A1,VLMC SLC1A3 SLC47A1,Bakken357,pCL461,is a marmoset primary motor cortex Vascular leptomeningeal cells that selectively expresses SLC47A1 mRNAs,UBERON_0001384,Marmoset,NCBI:txid9483,primary motor cortex,pCL367,Vascular leptomeningeal cells,224,0.889261745,1,SLC47A1,,,,,endo