,ROI,Side,Label,Code,bm_code,zone,type,lvl
0,A1-2,L,A1-2_L,1,10028.0,SSC,Eulaminate III,0.302
1,A10,L,A10_L,2,10043.0,DLP,Eulaminate II,0.529
2,A11,L,A11_L,3,10044.0,OFC,Eulaminate II,0.558
3,A13L,L,A13L_L,4,10047.0,OFC,Eulaminate I,0.472
4,A13M,L,A13M_L,5,10048.0,OFC,Eulaminate I,0.515
5,A13a,L,A13a_L,6,10045.0,OFC,Dysgranular,0.649
6,A13b,L,A13b_L,7,10046.0,OFC,Dysgranular,0.692
7,A14C,L,A14C_L,8,10049.0,MPC,Dysgranular,0.659
8,A14R,L,A14R_L,9,10050.0,MPC,Dysgranular,0.581
9,A19DI,L,A19DI_L,10,10051.0,VIS,Eulaminate III,0.243
10,A19M,L,A19M_L,11,10052.0,VIS,Eulaminate III,0.387
11,A23V,L,A23V_L,12,10056.0,PCR,Eulaminate I,0.405
12,A23a,L,A23a_L,13,10053.0,PCR,Eulaminate I,0.569
13,A23b,L,A23b_L,14,10054.0,PCR,Eulaminate II,0.489
14,A23c,L,A23c_L,15,10055.0,PCR,Eulaminate III,0.375
15,A24a,L,A24a_L,16,10057.0,ACC,Agranular,
16,A24b,L,A24b_L,17,10058.0,ACC,Dysgranular,0.544
17,A24c,L,A24c_L,18,10059.0,ACC,Dysgranular,0.455
18,A24d,L,A24d_L,19,10060.0,ACC,Dysgranular,0.572
19,A25,L,A25_L,20,10061.0,MPC,Dysgranular,0.632
20,A29a-c,L,A29a-c_L,21,10062.0,PCR,Agranular,
21,A29d,L,A29d_L,22,10063.0,PCR,Agranular,0.446
22,A30,L,A30_L,23,10064.0,PCR,Dysgranular,0.434
23,A31,L,A31_L,24,10065.0,PCR,Eulaminate II,0.314
24,A32,L,A32_L,25,10066.0,MPC,Dysgranular,0.593
25,A32V,L,A32V_L,26,10067.0,MPC,Dysgranular,0.554
26,A35,L,A35_L,27,10068.0,VTC,Agranular,
27,A36,L,A36_L,28,10069.0,VTC,Eulaminate I,0.78
28,A3a,L,A3a_L,29,10029.0,SSC,Eulaminate II,0.351
29,A3b,L,A3b_L,30,10030.0,SSC,Koniocortex,0.42
30,A45,L,A45_L,31,10070.0,VLP,Eulaminate II,0.4
31,A46D,L,A46D_L,32,10071.0,DLP,Eulaminate II,0.557
32,A46V,L,A46V_L,33,10072.0,DLP,Eulaminate II,0.321
33,A47L,L,A47L_L,34,10073.0,VLP,Eulaminate II,0.5
34,A47M,L,A47M_L,35,10074.0,VLP,Eulaminate II,0.396
35,A47O,L,A47O_L,36,10075.0,VLP,Eulaminate I,0.55
36,A4ab,L,A4ab_L,37,10031.0,PRM,Eulaminate II,0.5
37,A4c,L,A4c_L,38,10032.0,PRM,Eulaminate II,0.598
38,A6DC,L,A6DC_L,39,10033.0,PRM,Eulaminate I,0.581
39,A6DR,L,A6DR_L,40,10034.0,PRM,Eulaminate I,0.646
40,A6M,L,A6M_L,41,10035.0,PRM,Eulaminate I,0.627
41,A6Va,L,A6Va_L,42,10036.0,PRM,Eulaminate I,0.708
42,A6Vb,L,A6Vb_L,43,10037.0,PRM,Eulaminate I,0.464
43,A8C,L,A8C_L,44,10041.0,PRM,Eulaminate II,0.555
44,A8aD,L,A8aD_L,45,10038.0,DLP,Eulaminate II,0.623
45,A8aV,L,A8aV_L,46,10039.0,DLP,Eulaminate III,0.489
46,A8b,L,A8b_L,47,10040.0,DLP,Eulaminate II,0.548
47,A9,L,A9_L,48,10042.0,DLP,Eulaminate II,0.437
48,AI,L,AI_L,50,10026.0,INS,Agranular,1.0
49,AIP,L,AIP_L,51,10027.0,PPC,Eulaminate II,0.513
50,AuA1,L,AuA1_L,54,10081.0,AUD,Koniocortex,0.267
51,AuAL,L,AuAL_L,55,10076.0,AUD,Eulaminate II,0.285
52,AuCL,L,AuCL_L,56,10077.0,AUD,Eulaminate III,0.455
53,AuCM,L,AuCM_L,57,10078.0,AUD,Koniocortex,0.268
54,AuCPB,L,AuCPB_L,58,10079.0,AUD,Eulaminate I,0.602
55,AuML,L,AuML_L,59,10080.0,AUD,Eulaminate II,0.418
56,AuR,L,AuR_L,60,10082.0,AUD,Koniocortex,0.19
57,AuRM,L,AuRM_L,61,10084.0,AUD,Eulaminate II,0.145
58,AuRPB,L,AuRPB_L,62,10083.0,AUD,Eulaminate I,0.561
59,AuRT,L,AuRT_L,63,10087.0,AUD,Eulaminate III,0.312
60,AuRTL,L,AuRTL_L,64,10085.0,AUD,Eulaminate II,0.439
61,AuRTM,L,AuRTM_L,65,10086.0,AUD,Eulaminate II,0.451
62,DI,L,DI_L,67,10088.0,INS,Dysgranular,0.567
63,Ent,L,Ent_L,70,10089.0,VTC,Agranular,
64,FST,L,FST_L,71,10091.0,VIS,Eulaminate II,0.249
65,GI,L,GI_L,72,10092.0,INS,Eulaminate I,0.419
66,Gu,L,Gu_L,73,10093.0,OFC,Eulaminate I,0.788
67,IPro,L,IPro_L,75,10095.0,INS,Dysgranular,0.611
68,LIP,L,LIP_L,76,10096.0,PPC,Eulaminate II,0.496
69,MIP,L,MIP_L,79,10097.0,PPC,Eulaminate II,0.464
70,MST,L,MST_L,81,10098.0,VIS,Eulaminate II,0.42
71,OPAl,L,OPAl_L,83,10101.0,OFC,Agranular,0.665
72,OPro,L,OPro_L,84,10102.0,OFC,Dysgranular,0.815
73,OPt,L,OPt_L,85,10100.0,PPC,Eulaminate II,0.439
74,PE,L,PE_L,87,10106.0,PPC,Eulaminate II,0.366
75,PEC,L,PEC_L,88,10107.0,PPC,Eulaminate II,0.376
76,PF,L,PF_L,89,10108.0,PPC,Eulaminate II,0.426
77,PFG,L,PFG_L,90,10109.0,PPC,Eulaminate II,0.542
78,PG,L,PG_L,91,10110.0,PPC,Eulaminate II,0.538
79,PGM,L,PGM_L,92,10112.0,PCR,Eulaminate II,0.481
80,PGa-IPa,L,PGa-IPa_L,93,10111.0,LIT,Eulaminate II,0.367
81,PaIL,L,PaIL_L,96,10103.0,INS,Dysgranular,0.63
82,PaIM,L,PaIM_L,97,10104.0,INS,Dysgranular,0.609
83,Pir,L,Pir_L,100,10113.0,PirC,Agranular,
84,ProM,L,ProM_L,103,10118.0,VLP,Eulaminate I,0.596
85,ProSt,L,ProSt_L,104,10119.0,PCR,Agranular,0.301
86,ReI,L,ReI_L,105,10121.0,INS,Eulaminate II,0.288
87,S2E,L,S2E_L,106,10122.0,SSC,Eulaminate II,0.446
88,S2I,L,S2I_L,107,10123.0,SSC,Eulaminate II,0.249
89,S2PR,L,S2PR_L,108,10124.0,SSC,Eulaminate II,0.541
90,S2PV,L,S2PV_L,109,10125.0,SSC,Eulaminate II,0.378
91,STR,L,STR_L,111,10126.0,AUD,Eulaminate I,0.595
92,TE1,L,TE1_L,112,10128.0,LIT,Eulaminate I,0.748
93,TE2,L,TE2_L,113,10129.0,LIT,Eulaminate II,0.645
94,TE3,L,TE3_L,114,10130.0,LIT,Eulaminate II,0.482
95,TEO,L,TEO_L,115,10131.0,LIT,Eulaminate II,0.353
96,TF,L,TF_L,116,10132.0,VTC,Dysgranular,0.881
97,TFO,L,TFO_L,117,10133.0,VTC,Eulaminate I,0.51
98,TH,L,TH_L,118,10134.0,VTC,Agranular,0.715
99,TL,L,TL_L,119,10135.0,VTC,Eulaminate I,0.98
100,TLO,L,TLO_L,120,10136.0,VTC,Eulaminate I,0.568
101,TPO,L,TPO_L,121,10138.0,LIT,Eulaminate II,0.478
102,TPPro,L,TPPro_L,122,10139.0,LIT,Dysgranular,0.585
103,TPro,L,TPro_L,123,10137.0,INS,Dysgranular,0.469
104,TPt,L,TPt_L,124,10140.0,AUD,Eulaminate II,0.288
105,V1,L,V1_L,126,10142.0,VIS,Koniocortex,0.0
106,V2,L,V2_L,127,10143.0,VIS,Eulaminate III,0.174
107,V3,L,V3_L,128,10144.0,VIS,Eulaminate III,0.254
108,V3A,L,V3A_L,129,10145.0,VIS,Eulaminate III,0.345
109,V4,L,V4_L,130,10146.0,VIS,Eulaminate III,0.396
110,V4T,L,V4T_L,131,10147.0,VIS,Eulaminate II,0.254
111,V5,L,V5_L,132,10148.0,VIS,Eulaminate II,0.288
112,V6,L,V6_L,133,10149.0,VIS,Eulaminate II,0.273
113,V6A,L,V6A_L,134,10150.0,VIS,Eulaminate II,0.187
114,VIP,L,VIP_L,135,10141.0,PPC,Eulaminate II,0.423
115,A1-2,R,A1-2_R,1001,28.0,SSC,Eulaminate III,0.302
116,A10,R,A10_R,1002,43.0,DLP,Eulaminate II,0.529
117,A11,R,A11_R,1003,44.0,OFC,Eulaminate II,0.558
118,A13L,R,A13L_R,1004,47.0,OFC,Eulaminate I,0.472
119,A13M,R,A13M_R,1005,48.0,OFC,Eulaminate I,0.515
120,A13a,R,A13a_R,1006,45.0,OFC,Dysgranular,0.649
121,A13b,R,A13b_R,1007,46.0,OFC,Dysgranular,0.692
122,A14C,R,A14C_R,1008,49.0,MPC,Dysgranular,0.659
123,A14R,R,A14R_R,1009,50.0,MPC,Dysgranular,0.581
124,A19DI,R,A19DI_R,1010,51.0,VIS,Eulaminate III,0.243
125,A19M,R,A19M_R,1011,52.0,VIS,Eulaminate III,0.387
126,A23V,R,A23V_R,1012,56.0,PCR,Eulaminate I,0.405
127,A23a,R,A23a_R,1013,53.0,PCR,Eulaminate I,0.569
128,A23b,R,A23b_R,1014,54.0,PCR,Eulaminate II,0.489
129,A23c,R,A23c_R,1015,55.0,PCR,Eulaminate III,0.375
130,A24a,R,A24a_R,1016,57.0,ACC,Agranular,
131,A24b,R,A24b_R,1017,58.0,ACC,Dysgranular,0.544
132,A24c,R,A24c_R,1018,59.0,ACC,Dysgranular,0.455
133,A24d,R,A24d_R,1019,60.0,ACC,Dysgranular,0.572
134,A25,R,A25_R,1020,61.0,MPC,Dysgranular,0.632
135,A29a-c,R,A29a-c_R,1021,62.0,PCR,Agranular,
136,A29d,R,A29d_R,1022,63.0,PCR,Agranular,0.446
137,A30,R,A30_R,1023,64.0,PCR,Dysgranular,0.434
138,A31,R,A31_R,1024,65.0,PCR,Eulaminate II,0.314
139,A32,R,A32_R,1025,66.0,MPC,Dysgranular,0.593
140,A32V,R,A32V_R,1026,67.0,MPC,Dysgranular,0.554
141,A35,R,A35_R,1027,68.0,VTC,Agranular,
142,A36,R,A36_R,1028,69.0,VTC,Eulaminate I,0.78
143,A3a,R,A3a_R,1029,29.0,SSC,Eulaminate II,0.351
144,A3b,R,A3b_R,1030,30.0,SSC,Koniocortex,0.42
145,A45,R,A45_R,1031,70.0,VLP,Eulaminate II,0.4
146,A46D,R,A46D_R,1032,71.0,DLP,Eulaminate II,0.557
147,A46V,R,A46V_R,1033,72.0,DLP,Eulaminate II,0.321
148,A47L,R,A47L_R,1034,73.0,VLP,Eulaminate II,0.5
149,A47M,R,A47M_R,1035,74.0,VLP,Eulaminate II,0.396
150,A47O,R,A47O_R,1036,75.0,VLP,Eulaminate I,0.55
151,A4ab,R,A4ab_R,1037,31.0,PRM,Eulaminate II,0.5
152,A4c,R,A4c_R,1038,32.0,PRM,Eulaminate II,0.598
153,A6DC,R,A6DC_R,1039,33.0,PRM,Eulaminate I,0.581
154,A6DR,R,A6DR_R,1040,34.0,PRM,Eulaminate I,0.646
155,A6M,R,A6M_R,1041,35.0,PRM,Eulaminate I,0.627
156,A6Va,R,A6Va_R,1042,36.0,PRM,Eulaminate I,0.708
157,A6Vb,R,A6Vb_R,1043,37.0,PRM,Eulaminate I,0.464
158,A8C,R,A8C_R,1044,41.0,PRM,Eulaminate II,0.555
159,A8aD,R,A8aD_R,1045,38.0,DLP,Eulaminate II,0.623
160,A8aV,R,A8aV_R,1046,39.0,DLP,Eulaminate III,0.489
161,A8b,R,A8b_R,1047,40.0,DLP,Eulaminate II,0.548
162,A9,R,A9_R,1048,42.0,DLP,Eulaminate II,0.437
163,AI,R,AI_R,1050,26.0,INS,Agranular,1.0
164,AIP,R,AIP_R,1051,27.0,PPC,Eulaminate II,0.513
165,AuA1,R,AuA1_R,1054,81.0,AUD,Koniocortex,0.267
166,AuAL,R,AuAL_R,1055,76.0,AUD,Eulaminate II,0.285
167,AuCL,R,AuCL_R,1056,77.0,AUD,Eulaminate III,0.455
168,AuCM,R,AuCM_R,1057,78.0,AUD,Koniocortex,0.268
169,AuCPB,R,AuCPB_R,1058,79.0,AUD,Eulaminate I,0.602
170,AuML,R,AuML_R,1059,80.0,AUD,Eulaminate II,0.418
171,AuR,R,AuR_R,1060,82.0,AUD,Koniocortex,0.19
172,AuRM,R,AuRM_R,1061,84.0,AUD,Eulaminate II,0.145
173,AuRPB,R,AuRPB_R,1062,83.0,AUD,Eulaminate I,0.561
174,AuRT,R,AuRT_R,1063,87.0,AUD,Eulaminate III,0.312
175,AuRTL,R,AuRTL_R,1064,85.0,AUD,Eulaminate II,0.439
176,AuRTM,R,AuRTM_R,1065,86.0,AUD,Eulaminate II,0.451
177,DI,R,DI_R,1067,88.0,INS,Dysgranular,0.567
178,Ent,R,Ent_R,1070,89.0,VTC,Agranular,
179,FST,R,FST_R,1071,91.0,VIS,Eulaminate II,0.249
180,GI,R,GI_R,1072,92.0,INS,Eulaminate I,0.419
181,Gu,R,Gu_R,1073,93.0,OFC,Eulaminate I,0.788
182,IPro,R,IPro_R,1075,95.0,INS,Dysgranular,0.611
183,LIP,R,LIP_R,1076,96.0,PPC,Eulaminate II,0.496
184,MIP,R,MIP_R,1079,97.0,PPC,Eulaminate II,0.464
185,MST,R,MST_R,1081,98.0,VIS,Eulaminate II,0.42
186,OPAl,R,OPAl_R,1083,101.0,OFC,Agranular,0.665
187,OPro,R,OPro_R,1084,102.0,OFC,Dysgranular,0.815
188,OPt,R,OPt_R,1085,100.0,PPC,Eulaminate II,0.439
189,PE,R,PE_R,1087,106.0,PPC,Eulaminate II,0.366
190,PEC,R,PEC_R,1088,107.0,PPC,Eulaminate II,0.376
191,PF,R,PF_R,1089,108.0,PPC,Eulaminate II,0.426
192,PFG,R,PFG_R,1090,109.0,PPC,Eulaminate II,0.542
193,PG,R,PG_R,1091,110.0,PPC,Eulaminate II,0.538
194,PGM,R,PGM_R,1092,112.0,PCR,Eulaminate II,0.481
195,PGa-IPa,R,PGa-IPa_R,1093,111.0,LIT,Eulaminate II,0.367
196,PaIL,R,PaIL_R,1096,103.0,INS,Dysgranular,0.63
197,PaIM,R,PaIM_R,1097,104.0,INS,Dysgranular,0.609
198,Pir,R,Pir_R,1100,113.0,PirC,Agranular,
199,ProM,R,ProM_R,1103,118.0,VLP,Eulaminate I,0.596
200,ProSt,R,ProSt_R,1104,119.0,PCR,Agranular,0.301
201,ReI,R,ReI_R,1105,121.0,INS,Eulaminate II,0.288
202,S2E,R,S2E_R,1106,122.0,SSC,Eulaminate II,0.446
203,S2I,R,S2I_R,1107,123.0,SSC,Eulaminate II,0.249
204,S2PR,R,S2PR_R,1108,124.0,SSC,Eulaminate II,0.541
205,S2PV,R,S2PV_R,1109,125.0,SSC,Eulaminate II,0.378
206,STR,R,STR_R,1111,126.0,AUD,Eulaminate I,0.595
207,TE1,R,TE1_R,1112,128.0,LIT,Eulaminate I,0.748
208,TE2,R,TE2_R,1113,129.0,LIT,Eulaminate II,0.645
209,TE3,R,TE3_R,1114,130.0,LIT,Eulaminate II,0.482
210,TEO,R,TEO_R,1115,131.0,LIT,Eulaminate II,0.353
211,TF,R,TF_R,1116,132.0,VTC,Dysgranular,0.881
212,TFO,R,TFO_R,1117,133.0,VTC,Eulaminate I,0.51
213,TH,R,TH_R,1118,134.0,VTC,Agranular,0.715
214,TL,R,TL_R,1119,135.0,VTC,Eulaminate I,0.98
215,TLO,R,TLO_R,1120,136.0,VTC,Eulaminate I,0.568
216,TPO,R,TPO_R,1121,138.0,LIT,Eulaminate II,0.478
217,TPPro,R,TPPro_R,1122,139.0,LIT,Dysgranular,0.585
218,TPro,R,TPro_R,1123,137.0,INS,Dysgranular,0.469
219,TPt,R,TPt_R,1124,140.0,AUD,Eulaminate II,0.288
220,V1,R,V1_R,1126,142.0,VIS,Koniocortex,0.0
221,V2,R,V2_R,1127,143.0,VIS,Eulaminate III,0.174
222,V3,R,V3_R,1128,144.0,VIS,Eulaminate III,0.254
223,V3A,R,V3A_R,1129,145.0,VIS,Eulaminate III,0.345
224,V4,R,V4_R,1130,146.0,VIS,Eulaminate III,0.396
225,V4T,R,V4T_R,1131,147.0,VIS,Eulaminate II,0.254
226,V5,R,V5_R,1132,148.0,VIS,Eulaminate II,0.288
227,V6,R,V6_R,1133,149.0,VIS,Eulaminate II,0.273
228,V6A,R,V6A_R,1134,150.0,VIS,Eulaminate II,0.187
229,VIP,R,VIP_R,1135,141.0,PPC,Eulaminate II,0.423
