,A1-2,A10,A11,A19DI,A19M,A23a,A23b,A23c,A24d,A32,A32V,A3a,A3b,A45,A46D,A47L,A4ab,A4c,A6DC,A6DR,A6M,A6Va,A8C,A8aD,A8aV,A8b,A9,AIP,AuA1,AuCM,AuCPB,AuML,AuRT,LIP,MIP,MST,OPt,PE,PEC,PF,PFG,PG,PGM,PGa-IPa,S2E,TE3,TEO,TPO,V1,V2,V3A,V4,V4T,V5,V6
A1-2,0.0,-4.71762058122685,-4.05304000864267,-3.87961190706566,-inf,-3.20532038723096,-2.9086465101603,-1.75589120558336,-2.55054844653828,-inf,-inf,-1.00042232430072,-0.298301856180935,-2.80465942744318,-inf,-2.85242867025683,-1.13415586165803,-0.910908615750426,-1.48405015797726,-3.16629695132111,-2.205720353458,-0.931022000311772,-3.44947342242739,-inf,-2.91825507091766,-2.96456464149683,-inf,-2.80011322609149,-inf,-2.38391790274959,-inf,-4.30885186845496,-4.20635214278935,-inf,-inf,-3.41327181630416,-3.51137505093198,-0.629100558683917,-4.39653061009015,-0.813578993191383,-1.33858859246397,-2.84708891584148,-4.50877204827063,-2.7552076633159,-0.765718891906568,-inf,-inf,-4.30094312808055,-inf,-inf,-inf,-inf,-3.83084519230753,-3.52188493596412,-inf
A10,-inf,0.0,-0.422815597890192,-inf,-3.22891340599465,-2.32439050716582,-2.87392215163778,-inf,-inf,-1.07326231992542,-0.561283912995987,-inf,-inf,-1.72738717120278,-0.522482920710418,-1.05198292627157,-inf,-inf,-inf,-2.49859573279928,-inf,-3.13930329279061,-4.24186511192557,-1.52859219402373,-2.50320500178752,-1.79371013146594,-1.13094755816592,-2.34080918610346,-inf,-2.41669837164726,-1.94351391314549,-1.74917100371049,-4.0498474309564,-inf,-inf,-inf,-3.97950284878841,-inf,-inf,-inf,-3.24895361549582,-3.19359795560335,-3.14606799081558,-1.78323638691779,-3.21634863916121,-1.34878346149972,-inf,-1.46937494936921,-inf,-inf,-inf,-3.83297087720627,-inf,-inf,-inf
A11,-inf,-1.20925472439939,0.0,-inf,-2.08278537031631,-1.89213406184478,-3.19136123041335,-inf,-4.43578068177264,-2.19163728703161,-1.35523473508516,-inf,-inf,-2.22009016827453,-2.37918910454209,-1.60124689346226,-inf,-inf,-inf,-2.39775319748573,-3.70825088859129,-3.61642454750968,-3.31758582586362,-1.66560503434832,-2.84696574800274,-2.04804205337777,-1.40876930744783,-2.32299276543659,-inf,-inf,-inf,-3.27583765254726,-inf,-4.05292468370774,-inf,-3.71430181196814,-3.89340755055297,-inf,-inf,-inf,-4.10109376673687,-3.38529150891513,-2.42167371796154,-3.1142296059577,-inf,-1.50132681017544,-3.91065997218625,-2.93844735088122,-inf,-inf,-inf,-3.75993549732813,-inf,-inf,-inf
A19DI,-inf,-inf,-inf,0.0,-2.27467089655557,-1.84331130989553,-3.33341193906151,-inf,-inf,-inf,-inf,-inf,-inf,-2.84037497970758,-inf,-2.08017049351693,-inf,-inf,-inf,-2.98566135831629,-inf,-inf,-2.9865926068237,-inf,-2.1863878633495,-inf,-inf,-2.81480124437662,-inf,-inf,-inf,-inf,-inf,-1.29250220028478,-1.91149052901722,-3.5893630753604,-1.67555126937827,-inf,-inf,-inf,-inf,-2.71798566031658,-3.25349954316748,-inf,-inf,-inf,-3.10902762595308,-inf,-1.51476768222443,-1.33610533823332,-1.26872414237024,-1.87134335655764,-1.98775829046306,-2.09325683623932,-1.57256296571553
A19M,-inf,-inf,-inf,-inf,0.0,-1.56185002513022,-1.38542833488232,-inf,-inf,-inf,-inf,-4.47622278405103,-inf,-inf,-2.58805473136989,-2.87682966653177,-4.23337690347371,-inf,-inf,-2.13330134016808,-inf,-3.00612084353289,-2.44382838401805,-2.25319297313259,-1.84666319917167,-3.01980773791349,-inf,-2.4437437455692,-inf,-3.40510720181911,-inf,-3.13888896817716,-inf,-1.80788725644862,-inf,-1.51932520875275,-2.03677050638372,-inf,-1.42898263387174,-inf,-2.37716446585633,-1.67927935924934,-0.699025691140248,-inf,-3.85937850442629,-3.79965819614153,-inf,-2.09330602073247,-1.77968720127298,-1.83947843326503,-2.04831229870919,-1.77595741309297,-4.03666881029995,-1.33026434437028,-2.09882102732272
A23a,-3.06541371587998,-2.39920959418093,-2.75201001297967,-3.87961190706566,-1.81394005802276,0.0,-0.839254551393359,-1.1559332083212,-1.58862061304084,-inf,-3.91812211638066,-2.83043795550774,-inf,-4.38444302405861,-1.47479844942004,-2.3567982071165,-2.24394857947103,-3.3718064585072,-2.32091743448005,-1.72472118906801,-1.88697707039552,-2.80541577662527,-2.62908125520552,-1.10437070029657,-3.26147634866881,-1.53640772569988,-1.38954960123997,-3.15353505794177,-inf,-2.31697111311883,-inf,-2.01781565396387,-4.71048969975176,-1.58955751322567,-inf,-2.51932520875275,-2.61585223741325,-2.31510558585568,-4.09550061442617,-3.57184187752655,-1.84993995211941,-2.14426320270217,-1.10814341780666,-3.18117639558851,-1.85415964058422,-2.68426278589207,-inf,-1.65433519825764,-inf,-3.67646497340869,-3.86840930331341,-4.57364892032592,-4.13187518797268,-inf,-3.80037335489208
A23b,-3.24150497493541,-3.47033313683642,-3.17797874525097,-inf,-1.22459203221228,-0.833501378370116,0.0,-0.622736216082018,-1.12499390262597,-inf,-4.2191521120432,-1.92632899773649,-inf,-3.78238303273065,-2.05146142512493,-2.47501591412254,-1.52959763187556,-inf,-1.79537686568497,-1.11580648900507,-2.04651736833013,-2.51785626842067,-1.9908759162442,-0.955583260923323,-2.61323775570077,-2.14323801717513,-2.97501033074677,-2.98682443997959,-inf,-2.83690547775319,-inf,-2.85070296236889,-4.71048969975176,-2.84185179559752,-inf,-2.79348305801666,-2.5982227265848,-2.29028200213084,-2.17122132836397,-inf,-1.3085800837958,-2.12853707500237,-0.863585415204108,-inf,-1.53169445510996,-4.36285930295885,-inf,-2.09704565182939,-inf,-5.33494205782175,-inf,-inf,-inf,-3.30417588193035,-inf
A23c,-3.38283412773217,-inf,-4.35407000430665,-inf,-inf,-3.07177028411716,-2.38289292318052,0.0,-1.15645371900131,-inf,-inf,-2.04836827416236,-inf,-3.15399410268065,-4.07941642520359,-inf,-1.74171370069689,-inf,-2.77035391637472,-3.32937358744449,-2.54549602709975,-inf,-3.14149456680824,-3.84781934729647,-4.02857125269253,-3.84953259029044,-inf,-inf,-inf,-4.22901594276343,-inf,-inf,-inf,-inf,-inf,-inf,-inf,-1.52852116793583,-inf,-inf,-3.24895361549582,-inf,-4.50877204827063,-inf,-2.10857605997411,-inf,-inf,-4.22029118566482,-inf,-inf,-inf,-inf,-inf,-inf,-inf
A24d,-3.49677748003932,-4.34740808371224,-inf,-inf,-inf,-4.52753968196502,-2.32033376663848,-1.35534951059034,0.0,-inf,-inf,-1.79584025744686,-inf,-inf,-inf,-4.53377205838488,-1.04803559027006,-inf,-1.77806984379435,-2.84048085166288,-0.95504230865325,-2.89091725632214,-3.94083511626008,-2.48453915593132,-inf,-1.78129512962409,-3.75316158113124,-inf,-inf,-inf,-inf,-inf,-inf,-inf,-inf,-inf,-inf,-2.1305811592632,-inf,-inf,-inf,-5.03716743774247,-inf,-3.95932764597083,-2.26527851469601,-inf,-inf,-4.30094312808055,-inf,-inf,-inf,-inf,-inf,-inf,-inf
A32,-inf,-1.10597759478374,-1.29564397985004,-inf,-inf,-2.98347163761391,-3.82933038689757,-inf,-4.13475068610865,0.0,-0.831762285704142,-4.0913855420782,-inf,-3.9073217693407,-1.81816211722788,-3.11253485497297,-inf,-inf,-inf,-3.30302011648472,-inf,-inf,-4.94083511626008,-inf,-3.19815958517404,-0.851044773732095,-0.712954953558814,-inf,-inf,-inf,-inf,-3.64381443784186,-inf,-inf,-inf,-inf,-4.28053284445156,-inf,-inf,-4.4169399175408,-inf,-inf,-inf,-3.95932764597083,-4.33029199146826,-2.12686524449443,-inf,-3.38691374050128,-inf,-inf,-inf,-inf,-inf,-inf,-inf
A32V,-inf,-1.45977674475173,-1.57882374456637,-inf,-inf,-3.52753968196502,-4.89661439016041,-inf,-4.43578068177264,-1.15687518077178,0.0,-inf,-inf,-inf,-3.68147641653051,-inf,-inf,-inf,-inf,-inf,-inf,-inf,-inf,-inf,-inf,-3.54987599921811,-2.10480157015133,-inf,-inf,-inf,-inf,-4.12093569256094,-inf,-inf,-inf,-inf,-inf,-inf,-inf,-inf,-inf,-inf,-inf,-inf,-inf,-2.93924877433664,-inf,-3.57575095694338,-inf,-inf,-inf,-inf,-inf,-inf,-inf
A3a,-0.912107095572904,-inf,-inf,-inf,-inf,-3.74938843158089,-2.76078458371398,-0.688917789271076,-1.40663799209496,-inf,-inf,0.0,-0.674644435478166,-3.78238303273065,-inf,-4.41955240926731,-0.828739203870598,-0.681610378478186,-2.15410514825434,-3.50208272829793,-2.16636877109569,-0.985393348247598,-2.27009968767822,-inf,-3.67001379617172,-2.97279342333333,-inf,-4.6874576133451,-inf,-3.50201721482771,-inf,-inf,-inf,-inf,-inf,-inf,-inf,-0.492091902308038,-4.39653061009015,-1.27517668726498,-3.24895361549582,-3.19703746811452,-inf,-3.65829765030883,-1.55880931560093,-inf,-inf,-4.18665994199087,-inf,-inf,-3.86840930331341,-inf,-inf,-inf,-inf
A3b,-0.622469646910847,-inf,-4.35407000430665,-inf,-inf,-inf,-3.19679378443451,-1.37312459982546,-1.94679154237757,-inf,-inf,-0.542767503184896,0.0,-4.08341302839463,-inf,-4.26646689544045,-1.01134613031664,-1.99159521679457,-2.31252110154894,-inf,-2.99782315177731,-1.46355037533142,-3.29738243977492,-inf,-3.63339760858246,-3.27419480892325,-inf,-inf,-inf,-2.85487884876383,-inf,-inf,-4.71048969975176,-inf,-inf,-inf,-3.63329522807504,-1.05841613175687,-inf,-1.76955694742578,-1.99368111039097,-3.96626851797996,-2.61114495698056,-inf,-1.28136761863405,-inf,-inf,-inf,-inf,-inf,-3.86840930331341,-inf,-inf,-inf,-inf
A45,-inf,-2.85510024658546,-3.45098001731446,-2.32330940629838,-inf,-3.18511700114255,-2.75582245338205,-inf,-3.59068264175872,-inf,-inf,-inf,-2.81883719090732,0.0,-inf,-1.42390956934331,-inf,-3.3718064585072,-inf,-2.57400161934473,-inf,-1.61031165410076,-1.66292018692099,-3.54678935163096,-0.887016708298846,-3.71114676129386,-4.0541915767962,-1.73496906533817,-inf,-3.8030472104917,-inf,-4.59805694728003,-inf,-inf,-2.33745926129021,-3.71430181196814,-3.64549742800469,-inf,-4.39653061009015,-2.61075994355763,-inf,-2.7476409717469,-3.30465206561505,-3.18117639558851,-3.06829714621392,-3.88573804823818,-2.68881122256989,-3.64723982859953,-3.09845119206557,-3.01299475895721,-2.59165770845893,-2.10944834400874,-2.08722369967176,-2.73795439403479,-2.84386777577125
A46D,-inf,-0.999944297457347,-2.12107389391465,-inf,-inf,-2.52183862723838,-2.38443338252327,-inf,-2.98862265042991,-inf,-3.82121210337116,-inf,-inf,-4.08341302839463,0.0,-2.19128249325551,-inf,-inf,-inf,-2.26565497515594,-inf,-3.19645254170314,-4.63980512059799,-1.07519269435795,-3.04247246647768,-1.99195537390417,-1.99728672545879,-4.253341211173,-inf,-3.50201721482771,-inf,-2.41014028891036,-inf,-inf,-inf,-4.19142306668803,-inf,-inf,-inf,-inf,-inf,-4.09343441262247,-3.40698076327129,-2.72887872459442,-3.91674334974743,-2.48558203757939,-inf,-2.0373077008052,-inf,-inf,-inf,-inf,-inf,-inf,-inf
A47L,-4.49677748003932,-1.4213197465295,-1.27164370344617,-2.87961190706566,-2.92788341033214,-1.9090415477282,-2.03250912098198,-inf,-3.95865942705218,-3.66875854175128,-3.82121210337116,-inf,-3.90874230234798,-0.791600340926623,-1.59199064230597,0.0,-inf,-3.3718064585072,-inf,-1.6922725810683,-3.2172582780709,-1.6344316187027,-1.45739421040282,-1.4693378858094,-0.598951752451998,-2.16107044209883,-1.76863426778934,-1.5149262028716,-inf,-2.76706299475672,-inf,-2.87588623426084,-inf,-3.20782664369356,-2.4166405073384,-2.84900038586601,-2.85374657455444,-inf,-2.84022810932298,-2.2322484867238,-2.81714019922161,-2.27562267708389,-2.11788104444366,-1.66047456956283,-2.03864061334177,-1.67083100584974,-2.36659192783648,-2.51463436684814,-2.9283958522563,-3.20393350193163,-2.7236387647613,-2.09525851348689,-1.901688363453,-3.05150516077466,-3.49934335922673
A4ab,-0.783118963831722,-inf,-inf,-inf,-3.22891340599465,-2.90429039156698,-2.63724484504135,-0.61370859305554,-0.297109423840502,-3.66875854175128,-inf,-0.53131802501879,-1.44561280593723,-3.5393449840451,-4.38044642086757,-inf,0.0,-1.81550395773889,-0.544793348707022,-2.67289609952371,-0.844449833562883,-2.02399923625428,-2.31704033399237,-2.94472936030376,-3.92425092090133,-3.27429300642813,-inf,-4.38642761768111,-inf,-4.40510720181911,-inf,-inf,-inf,-inf,-inf,-inf,-inf,-0.696135093436325,-4.39653061009015,-2.51931282625094,-3.24895361549582,-3.80671851636325,-inf,-3.95932764597083,-1.60129318147562,-inf,-inf,-3.9999131324157,-inf,-inf,-inf,-inf,-inf,-inf,-inf
A4c,-2.79780747570194,-inf,-inf,-inf,-inf,-inf,-3.59310911023874,-3.2481858632169,-2.29841926079346,-inf,-inf,-2.83277010756354,-1.35745914294131,-3.27049967175218,-inf,-3.73255223928588,-2.35327523061674,0.0,-1.93128399166103,-2.86558549839757,-2.36200878241062,-0.957209159267485,-2.05544237839253,-inf,-4.59478283935505,-3.80683339149364,-inf,-4.08539762201713,-inf,-4.70613719748309,-inf,-inf,-inf,-inf,-inf,-inf,-inf,-inf,-inf,-1.73030364827842,-inf,-3.8330474550856,-inf,-inf,-2.32251071772476,-inf,-inf,-4.30094312808055,-inf,-inf,-3.82646354909235,-inf,-inf,-inf,-inf
A6DC,-1.67855158642413,-inf,-inf,-3.03451386705141,-inf,-2.54981607667556,-1.82969893455983,-2.84449352565598,-1.63586924995713,-inf,-inf,-2.18090750960689,-2.60250214166049,-2.02650817705816,-4.38044642086757,-2.66206424259039,-0.955517791178887,-1.10935536877673,0.0,-0.867346212404771,-0.791446974151076,-1.49288930301564,-0.812415824182169,-2.0153104345888,-1.96061518242357,-2.85218190508499,-inf,-2.52175487216845,-inf,-inf,-inf,-inf,-inf,-2.93043959476588,-1.83685691072088,-3.71430181196814,-4.12261868272416,-2.09839647589205,-2.01271524410944,-1.76084171552942,-2.5499836111598,-2.59868578248446,-3.03165079355143,-inf,-2.14189906403212,-4.62049001171132,-inf,-3.79524105482005,-inf,-inf,-2.37140211267201,-3.25476971563056,-3.65475393325283,-inf,-3.4188810685343
A6DR,-3.79780747570194,-2.6491611567148,-2.7206015487261,-2.97652192007372,-2.27467089655557,-1.57723626230366,-1.42147635413519,-inf,-3.39438799661398,-inf,-inf,-4.1751927883864,-inf,-1.7235775460544,-1.91313861930342,-2.11329227541985,-2.81287915626805,-3.07077646284322,-1.13787828643163,0.0,-1.03449263601893,-2.49590131138198,-1.02841076084753,-1.23651912542367,-1.56524553984409,-1.23221791319176,-3.01279889163811,-2.02731143573496,-inf,-3.92798594710092,-inf,-3.42352386470253,-inf,-1.85125834871764,-inf,-3.34632502667387,-2.995096479023,-3.54555450723449,-2.02546274781848,-4.11590992187682,-2.48468871199303,-2.15309798551941,-1.63769283364995,-3.48220639125249,-3.61929570255076,-3.32146661780053,-inf,-4.09627105048511,-inf,-inf,-3.16943929897867,-3.79549766994282,-3.65475393325283,-inf,-3.11785107287032
A6M,-2.29265749738289,-inf,-inf,-inf,-inf,-3.44835843591691,-1.95405866516752,-2.7253071179358,-1.25872225578969,-inf,-inf,-1.96208607930364,-3.3646742579967,-1.89448454463352,-3.69946565056281,-3.21698589281936,-0.898224798136988,-1.57246590905381,-0.642128701253412,-1.17761230955308,0.0,-1.7498062135841,-1.89740712399755,-1.81401700823835,-2.99353600074528,-1.14359236581144,-4.0541915767962,-2.73292318101565,-inf,-inf,-inf,-3.75295890726774,-4.71048969975176,-inf,-inf,-inf,-inf,-2.76740325685135,-inf,-2.37554723238258,-inf,-3.65611306408103,-4.50877204827063,-inf,-2.60661053691427,-4.14336875699105,-inf,-inf,-inf,-inf,-inf,-inf,-inf,-inf,-inf
A6Va,-2.47147161477473,-3.99075701957808,-3.75201001297967,-2.23615923057948,-3.22891340599465,-4.05041842724536,-3.10506358096976,-inf,-2.03610696029134,-inf,-inf,-2.13577866921035,-1.10085123748694,-1.24677248682164,-4.20435516181154,-1.54683022349158,-2.50092960228722,-0.532957367770775,-2.43281574139368,-1.92227535022484,-1.65236617447587,0.0,-0.837375962743778,-3.17782328462884,-1.23232508740586,-2.60738903016339,-inf,-1.99314546251296,-inf,-3.32592595577111,-inf,-4.59805694728003,-inf,-inf,-2.51355052034589,-3.07747971438114,-3.67847285312443,-inf,-3.2204393510341,-1.17814135482714,-inf,-2.756958227659,-4.50877204827063,-2.68057404501925,-1.87009852301634,-4.36285930295885,-4.38778122690591,-3.22846227037181,-inf,-4.188982178717,-2.41257935991511,-2.77022159904945,-3.0179318356658,-inf,-4.35322357609793
A8C,-2.79780747570194,-4.71762058122685,-inf,-2.41721390916671,-inf,-3.14732844025293,-2.48893693073612,-4.42427712227297,-3.00441691761374,-inf,-inf,-3.87416279272176,-3.18446643274626,-2.5920513345612,-3.69946565056281,-2.2985457855603,-2.78413855861105,-0.870747196288185,-2.16945881585883,-1.52152640610665,-2.00329490979764,-1.1404634602686,0.0,-2.4577737085584,-1.38232695511636,-3.4768370319577,-inf,-2.49231367665289,-inf,-4.22901594276343,-inf,-inf,-inf,-2.6294095991019,-2.63848925695514,-3.8903930710227,-3.68430664607244,-3.24452451156974,-2.16100216318265,-2.5418786541491,-3.24895361549582,-2.75689290947625,-2.78449617867108,-3.95932764597083,-1.93972672182644,-4.36285930295885,-inf,-3.9999131324157,-inf,-inf,-2.32542691699708,-3.20330519158661,-3.52981519664502,-3.10901712681897,-3.13661264526839
A8aD,-4.49677748003932,-1.77278283269038,-1.6499194874677,-inf,-1.88649072517292,-1.40703165673702,-1.54684937574618,-3.94715586755292,-2.3266902267563,-2.89060729136628,-4.52018210770718,-inf,-inf,-3.1291705189553,-0.745078926741274,-1.29497150814066,-4.71121652432088,-inf,-3.12997145798617,-1.17990503956909,-1.856862982338,-3.10280616334922,-1.55218136266259,0.0,-1.4191473909747,-0.999536093943968,-1.03757602923905,-1.78856136180038,-inf,-2.82014935436457,-inf,-2.13772457762503,-4.63401350648098,-3.09868217426826,-inf,-3.41327181630416,-3.33147204540637,-inf,-4.39653061009015,-4.11590992187682,-2.89697378408163,-2.47326452385823,-1.63054286521364,-3.18117639558851,-3.44440515645499,-2.57644277832179,-inf,-2.58379165246213,-inf,-inf,-3.86840930331341,-inf,-3.83084519230753,-inf,-inf
A8aV,-4.49677748003932,-1.64507449522468,-2.73082071390996,-2.64916298568739,-2.75179215127524,-2.21557034057317,-1.79618412273248,-inf,-3.32183732946562,-inf,-4.52018210770718,-inf,-4.60771230668224,-1.02975847010387,-1.4449558458586,-0.573287348020624,-inf,-2.14135753712941,-3.92396896487628,-1.45813929678087,-1.94210110754512,-1.26391887999539,-1.23652704042725,-0.736563046625816,0.0,-2.29466047998721,-3.27604032641239,-1.33617168737211,-inf,-1.70842216900678,-inf,-2.1036632925621,-inf,-2.75189468804278,-1.75388267565663,-2.05470249953163,-3.21952869573265,-3.54555450723449,-2.11777700913737,-2.02424296428123,-2.73293166418582,-2.40831778522255,-2.31195020176294,-2.05623765898037,-2.38334017347355,-3.11592661389682,-inf,-1.99514288757886,-3.11008442288707,-3.23338636261071,-2.05850834129668,-2.01225330014821,-1.48793810965573,-2.10895086422877,-2.03140012841576
A8b,-inf,-2.13389696162136,-1.61927017471773,-inf,-inf,-2.33413194240722,-1.95989802448814,-inf,-2.85599708515732,-0.618378785489726,-3.52018210770718,-4.0913855420782,-3.14531430878419,-2.18304589973865,-1.31322994382998,-2.00274017971228,-2.71933386515245,-3.07077646284322,-2.27419137266132,-1.00521979633092,-0.835008753817971,-2.54111101879581,-1.52308199810528,-1.16705451975639,-2.30648646789282,0.0,-0.525403385021956,-2.55605373985538,-inf,-2.90056232466246,-inf,-3.16669318312156,-inf,-inf,-inf,-4.19142306668803,-3.91588005343975,-inf,-inf,-4.11590992187682,-4.4021237624003,-3.15503676974767,-2.72198347320475,-3.05623765898037,-inf,-2.13117172452918,-inf,-3.26298984530316,-inf,-inf,-inf,-4.27261892466194,-3.83084519230753,-inf,-inf
A9,-inf,-0.949511246315958,-1.24618197912423,-inf,-inf,-2.38245994916071,-3.03597517648296,-inf,-inf,-0.594673852721899,-1.6902354117655,-inf,-inf,-3.5393449840451,-0.965418282412104,-2.10258922536767,-inf,-inf,-inf,-3.06269113544118,-4.06235631808537,-inf,-3.76474385720566,-1.71509618468099,-3.70343267197354,-0.895917574290869,0.0,-4.45264496768024,-inf,-4.70613719748309,-inf,-2.51043399412057,-4.36954041318487,-inf,-inf,-inf,-3.97950284878841,-inf,-inf,-inf,-inf,-5.03716743774247,-4.63742968464912,-3.26035764163639,-inf,-2.04861004826473,-inf,-2.61097499768159,-inf,-inf,-inf,-inf,-inf,-inf,-inf
AIP,-3.41759623399147,-4.64843807937719,-3.45098001731446,-2.402490652346,-inf,-2.81996950586674,-2.34141315721875,-inf,-3.6576294313882,-inf,-inf,-3.52198027461112,-inf,-2.72168519237818,-inf,-3.16443338069036,-3.04208104444865,-inf,-inf,-1.96366018131493,-inf,-2.41493003675477,-1.95175602516984,-3.54678935163096,-2.1553774066375,-3.92639949531209,-inf,0.0,-inf,-3.13793547341597,-inf,-inf,-inf,-2.14686293588001,-2.63848925695514,-2.8903930710227,-2.1781755984163,-inf,-1.95878004726891,-1.21883291866746,-1.38300747195327,-1.64688154490203,-3.2783231268926,-inf,-3.38225724970558,-2.17098217613227,-inf,-4.30094312808055,-3.50002915622323,-4.13384498561137,-2.12259968815192,-2.16971795081201,-4.13187518797268,-3.2129425446667,-2.74377744616399
AuA1,-4.01965622531921,-3.27164781365512,-inf,-inf,-inf,-3.828569677629,-2.82289603981294,-4.42427712227297,-inf,-inf,-inf,-inf,-inf,-inf,-2.70408184825191,-inf,-inf,-inf,-inf,-3.60332242026086,-inf,-3.61642454750968,-inf,-2.80642666213574,-4.01205896391602,-inf,-inf,-inf,0.0,-0.854586429820595,-1.06788531527443,-0.886950885758581,-1.05001397409457,-2.93043959476588,-inf,-inf,-2.66774898773235,-inf,-inf,-inf,-3.44788125296183,-3.03350891498466,-inf,-3.26035764163639,-2.83893029763246,-inf,-inf,-1.07153074149849,-3.54440473390539,-inf,-inf,-inf,-3.2287852009803,-inf,-inf
AuCM,-2.71862622965432,-2.67132069792443,-inf,-inf,-inf,-3.22650968630104,-2.14497091601777,-3.14552352131935,-inf,-inf,-inf,-3.30882263294525,-2.58551125530539,-4.08341302839463,-2.75959917610075,-5.05545478494139,-4.10861764702968,-3.07077646284322,-inf,-3.02626204243712,-inf,-2.79708694356436,-3.08635983067451,-2.45552154795889,-4.01479002705522,-inf,-4.0541915767962,-3.18977473089411,-1.33760186332225,0.0,-2.4749928301869,-1.22159198558064,-1.53151932589178,-inf,-3.11561051167442,-inf,-2.0930121236148,-3.24452451156974,-inf,-3.46269740810148,-2.84306907798536,-2.01932398486692,-4.33639968898608,-3.26035764163639,-3.25731851309754,-3.61022389736544,-4.38778122690591,-1.14169745754165,-3.33687721609509,-inf,-inf,-inf,-3.62064628071032,-4.06595298031368,-inf
AuCPB,-inf,-1.87531300553832,-3.27488875825919,-inf,-inf,-4.05041842724536,-3.33374798741075,-inf,-inf,-inf,-3.4410008616598,-inf,-inf,-3.60629177367497,-1.87725559640116,-3.70898673012539,-inf,-inf,-inf,-3.13073408196738,-inf,-4.49748253736712,-inf,-2.04163937331134,-3.35783207665815,-2.62563300266082,-inf,-3.97552371296181,-0.975874027302806,-1.0240091066727,0.0,-0.87831656501317,-0.930083846712289,-2.32837960343885,-inf,-4.19142306668803,-3.35426685747231,-inf,-inf,-inf,-inf,-3.37583624200037,-inf,-1.74184370175717,-4.25731851309754,-2.04844574458627,-4.38778122690591,-1.10063015084191,-4.11340850681823,-inf,-inf,-inf,-4.33769880596393,-inf,-inf
AuML,-inf,-2.8932045278888,-inf,-inf,-inf,-inf,-3.91390696006412,-inf,-inf,-inf,-inf,-inf,-inf,-inf,-2.42992399898893,-inf,-inf,-inf,-inf,-3.54340546595758,-inf,-4.49748253736712,-inf,-2.77860498153792,-inf,-3.29636138158765,-inf,-inf,-0.373140188700541,-1.61864042814356,-0.647623557133032,0.0,-1.11782978905128,-2.93043959476588,-inf,-inf,-4.28053284445156,-inf,-inf,-inf,-inf,-3.63800057758013,-inf,-3.48220639125249,-inf,-3.77539197169602,-inf,-1.47779001880144,-3.67975294587924,-inf,-inf,-inf,-inf,-3.43471279317338,-inf
AuRT,-inf,-3.8008016454111,-4.05304000864267,-inf,-inf,-inf,-inf,-inf,-inf,-inf,-inf,-inf,-inf,-inf,-inf,-inf,-inf,-inf,-inf,-inf,-inf,-inf,-inf,-inf,-inf,-inf,-inf,-inf,-1.50145866595993,-3.8610391574682,-1.01761563366342,-3.22077188753934,0.0,-inf,-inf,-inf,-inf,-inf,-inf,-inf,-inf,-inf,-inf,-3.95932764597083,-4.02926199580428,-inf,-inf,-2.45225445646769,-inf,-inf,-inf,-inf,-inf,-inf,-inf
LIP,-3.89471748871,-3.6454329084618,-2.47325641202658,-1.81891406671348,-1.95015980504194,-1.41827709717814,-1.66005806898285,-inf,-4.43578068177264,-inf,-inf,-inf,-inf,-3.15399410268065,-3.68147641653051,-2.24444577545671,-3.45038699900183,-inf,-3.96604782107755,-1.30191073472871,-inf,-3.17526324263326,-1.49220177186577,-2.47747962486244,-1.97566640877164,-3.84761164536738,-4.0541915767962,-1.10112877005093,-inf,-3.08288790708508,-inf,-4.12093569256094,-inf,0.0,-inf,-2.67290912681032,-0.672505504272453,-3.54555450723449,-1.78800457651224,-2.61075994355763,-1.64094794924547,-0.966355698275566,-1.08937944347955,-inf,-inf,-1.85582248348174,-inf,-2.90300311940852,-2.21913357513312,-2.17152753879191,-0.944576488212117,-2.24651375523505,-2.47672456747308,-2.13248529405156,-2.44691859809956
MIP,-inf,-inf,-inf,-1.47477819044547,-3.22891340599465,-2.25485256547995,-2.19729039925982,-inf,-inf,-inf,-inf,-inf,-inf,-2.62856816838658,-inf,-3.34962528777182,-4.23337690347371,-3.3718064585072,-inf,-1.82960205470127,-inf,-3.31697713710477,-2.07160339653074,-3.30931071578774,-1.52762958129678,-4.71133472955795,-inf,-1.48880075903598,-inf,-4.40510720181911,-inf,-4.32100778614844,-inf,-1.2235756034348,0.0,-inf,-1.79534916948008,-inf,-0.882647424478917,-4.11590992187682,-3.02191252068924,-1.86630319066022,-1.41798962706608,-inf,-inf,-4.36285930295885,-inf,-inf,-2.70007953425691,-3.15123875210095,-1.19216585291335,-2.16521734391311,-1.88724445144123,-2.18391103363447,-1.20390711372781
MST,-2.81553624266408,-2.55794780173249,-3.75201001297967,-2.60085830611284,-2.75179215127524,-2.41099712655886,-2.14898194778133,-3.94715586755292,-3.6576294313882,-inf,-inf,-3.99910152933223,-inf,-2.18578593710452,-2.58275554189945,-2.47902887227335,-3.26047797027452,-3.07077646284322,-inf,-2.47613133806843,-inf,-2.27763299009774,-2.59150343875182,-2.73281070794474,-1.87306933608828,-3.94774009921354,-4.0541915767962,-2.19707406867012,-1.21891207599074,-1.29151294688597,-2.42063516786439,-1.47610076086398,-2.24208679034267,-1.86385765322786,-2.16136800223484,0.0,-1.02817268844812,-inf,-2.4774525177139,-2.67657722804656,-1.42451149590347,-1.09179058545431,-2.84528466850549,-1.29187469308181,-2.74351560159809,-2.22526670212019,-3.91065997218625,-1.12710416485438,-1.9453081483837,-2.42772435511166,-2.0795952682642,-2.21373143966915,-0.930914917586052,-0.505549216540977,-2.37704955005985
OPt,-inf,-3.89392812654116,-2.76300539728101,-1.95019298135331,-1.72376342767438,-1.69338699415141,-2.07765647081617,-inf,-inf,-inf,-inf,-inf,-inf,-2.8529641070179,-3.09041180950486,-2.37730140067303,-4.71121652432088,-inf,-inf,-1.8409530856368,-inf,-3.04710167993393,-1.84735487074643,-3.84781934729647,-1.98155822713515,-4.03646919891552,-2.878100317742,-1.33225281029981,-inf,-2.8428143373633,-inf,-4.30885186845496,-inf,-0.764081610604526,-2.81458051600987,-0.734753437265148,0.0,-3.54555450723449,-2.31734936404234,-2.10518605648505,-1.12994949761606,-0.769690289545764,-1.77800606874026,-inf,-4.25731851309754,-2.43573260802341,-inf,-2.85378509673871,-2.10387831079459,-2.14047339600238,-1.72576552921908,-1.29784671499171,-3.40288289288203,-2.20128327244228,-2.00377805642089
PE,-0.781442796245499,-inf,-4.35407000430665,-3.2775519157377,-inf,-1.78090548302614,-1.30051693833152,-1.21529860499624,-1.52614175423091,-inf,-inf,-1.0026094382263,-1.88610425361107,-1.94353394199225,-4.68147641653051,-3.07565236256568,-0.729994140373374,-1.48531573333536,-0.696240169548964,-1.45962421101831,-1.50808181621496,-1.441662257472,-1.2270618099059,-2.56303721491035,-1.84390435649607,-5.14925607231495,-inf,-1.10604242331818,-inf,-2.82532360520125,-inf,-inf,-inf,-2.61333256576429,-1.02570540023499,-2.35891415398143,-2.27186358428827,0.0,-0.629077891992634,-0.686965631840868,-0.848085534252453,-1.764959524715,-inf,-3.95932764597083,-1.12281681905432,-2.831380385915,-4.38778122690591,-4.18665994199087,-4.11665449137395,-4.58906484335703,-2.51778097435188,-2.51569603287607,-2.67375512956188,-2.31187542734452,-1.46352245128144
PEC,-2.79780747570194,-inf,-inf,-2.70352064800998,-inf,-1.68382093546261,-1.39106862916502,-inf,-4.43578068177264,-inf,-inf,-3.55061674792255,-inf,-4.08341302839463,-inf,-3.54007199988194,-2.18323547860193,-2.52670841849265,-2.08198834690582,-2.04950863792473,-2.99793766670337,-2.55785651946422,-1.65850204240043,-2.90283850993969,-2.4262620494816,-4.38998072988164,-inf,-2.96625575489109,-inf,-inf,-inf,-4.30885186845496,-inf,-inf,-0.620066174127886,-2.82969523066982,-3.12101033929333,-2.50416182207515,0.0,-3.71796991320479,-1.98069977169688,-2.65565529894195,-3.80980204393601,-3.95932764597083,-3.22207572322171,-inf,-inf,-4.30094312808055,-3.62125939836142,-3.40830420111921,-2.22397306349789,-2.86722805875464,-2.80271545041485,-2.30684193747282,-1.48359654122391
PF,-1.21370250530343,-inf,-inf,-inf,-inf,-3.62444969497198,-2.84978426545645,-inf,-2.27808909124404,-inf,-inf,-1.63334799412747,-1.89623850954676,-3.10568942310606,-inf,-2.55645662955008,-2.19264304890374,-1.53295736777077,-2.39980604421668,-2.53799108430388,-3.07665156632766,-1.00394063966101,-1.49498396689973,-2.63333195127726,-2.5415792439467,-inf,-inf,-1.6494439483002,-inf,-2.67271344199638,-inf,-4.62203778181333,-4.63401350648098,-inf,-2.21252052468262,-2.62322134262105,-2.71233112038416,-3.24452451156974,-3.9194093553694,0.0,-1.2042836862822,-2.17320495805104,-inf,-3.48220639125249,-1.16126585230115,-2.59943130939594,-inf,-4.04419992660938,-4.2640877445548,-inf,-inf,-3.27261892466194,-3.65475393325283,-3.57392164472135,-inf
PFG,-1.38450771162137,-4.34740808371224,-3.31267731914807,-3.87961190706566,-inf,-2.26272185895542,-1.5239989913541,-1.97095878222631,-2.42821319467496,-inf,-inf,-1.80435513383076,-2.71420918601492,-3.004231782347,-inf,-1.98104209345247,-1.95413743458152,-2.76974646717822,-2.05646954026518,-2.00714623846227,-2.58005803223957,-1.57103446965671,-1.48083097317117,-1.8977238836173,-2.30968662098147,-3.31894657340043,-3.20909353678201,-0.811696472159255,-inf,-1.47712734533641,-inf,-2.2051524456386,-3.80739971275815,-1.85125834871764,-2.21252052468262,-1.41617680694769,-1.46337720498221,-1.72601057169105,-2.20340601173557,-0.663893355915112,0.0,-1.06367005349666,-3.80980204393601,-1.67829427872464,-1.04311839883423,-2.09885030066438,-4.38778122690591,-2.38661898760162,-3.0098514617968,-4.006269228643,-2.60312853750251,-3.29489531937292,-2.19503007144728,-1.77696391312503,-2.26005318288628
PG,-2.58829246116049,-3.60704539421808,-2.77428640769056,-2.28854730003916,-2.62685341466632,-1.92227331353944,-1.62397534736202,-inf,-2.75453944439725,-inf,-inf,-3.21079876793512,-inf,-3.78238303273065,-3.30867034742078,-2.07106521344169,-2.94104718154373,-inf,-3.96604782107755,-1.77849141698961,-3.60681329431241,-2.766596671215,-1.61060702402828,-2.18680927866578,-2.23939125862771,-3.81388750113112,-2.75316158113124,-1.03176611585103,-inf,-2.10844201155782,-inf,-2.68435274438312,-inf,-0.946642786072686,-inf,-0.504429500423442,-1.09806840090671,-inf,-2.45204793794037,-2.5418786541491,-0.870199517973811,0.0,-1.62540012228883,-2.57911640426021,-2.58952954257092,-1.66379802457984,-4.08675123124193,-2.81187614566138,-2.68907342682111,-3.00327716353371,-1.96164267528709,-2.33672890720124,-2.99048550451929,-1.98215906098922,-3.03021165959594
PGM,-inf,-4.17131682465688,-3.75201001297967,-inf,-0.74461356664735,-1.23618747239496,-0.916261094787153,-inf,-inf,-inf,-inf,-inf,-inf,-4.08341302839463,-2.4073185672674,-2.84912777119233,-4.23337690347371,-inf,-3.23218973606019,-1.46280091229246,-inf,-2.74463328154838,-1.95201601440978,-1.89678984314554,-2.13737857428088,-2.79211284837857,-3.75316158113124,-1.99048434730826,-inf,-2.98186132788405,-inf,-3.34278444217787,-inf,-1.40361725556476,-inf,-2.51932520875275,-2.3167126839996,-inf,-1.74914763997532,-inf,-2.61679392738959,-2.03587805254269,0.0,-inf,-inf,-3.53953891354824,-inf,-2.62884527014461,-4.11665449137395,-3.32035774772662,-2.29498463205061,-inf,-3.86057755124333,-2.54018294581502,-inf
PGa-IPa,-4.01965622531921,-1.8829724697384,-2.0196162531557,-inf,-3.22891340599465,-3.48614699680653,-3.37316481178866,-inf,-4.43578068177264,-inf,-3.67508406769334,-inf,-4.90874230234798,-1.68029250721975,-2.63085468694467,-2.26250752128235,-inf,-inf,-inf,-2.5207943116194,-inf,-2.67170882750233,-2.49277282301715,-2.68117290957091,-2.03239159743031,-2.69237462498403,-3.27604032641239,-1.85424069763586,-2.48372989900011,-1.81632534958953,-inf,-2.47083237760518,-3.3733712181656,-3.45086469238003,-inf,-3.41327181630416,-2.21983500409788,-inf,-inf,-3.71796991320479,-4.4021237624003,-2.13019648405824,-4.20774205260664,0.0,-2.24277021511657,-0.852313175044024,-3.34638854174769,-1.52702123701507,-3.16001897361031,-4.04684111984286,-3.56737930765103,-2.83542010274231,-1.23855575370994,-2.91055887417271,-inf
S2E,-1.15852024979266,-4.01865057689129,-4.05304000864267,-inf,-inf,-3.828569677629,-2.36307320235637,-2.88020907792286,-2.47199285442749,-inf,-inf,-1.43210669713744,-2.10458441976179,-inf,-inf,-3.17385226177618,-1.89910920042625,-2.59365520812424,-2.11567840831012,-2.33118610578999,-2.37160226237012,-1.25098825994361,-1.75300845366125,-2.17157947782603,-3.65965301725247,-3.85450418293929,-inf,-2.97094914258033,-3.18269990333613,-2.3779393198916,-inf,-3.03773600780182,-4.71048969975176,-inf,-inf,-3.71430181196814,-2.90032160273871,-2.20313182641187,-3.9194093553694,-1.59216345506607,-1.68297378542933,-2.50661230919158,-inf,-2.8453842936646,0.0,-3.51776126294502,-4.38778122690591,-2.84331179106,-3.96305774888922,-4.51150903830894,-inf,-inf,-4.13187518797268,-3.37728602280837,-inf
TE3,-4.49677748003932,-1.38823664816901,-1.56448929214238,-2.37446192874576,-inf,-3.30273819857993,-3.76189899951872,-inf,-inf,-3.66875854175128,-2.47485912892034,-4.47622278405103,-4.60771230668224,-0.927015331111125,-2.9365590108316,-1.87288784850848,-3.55810830163013,-inf,-inf,-2.18827394345697,-inf,-2.31485196409406,-2.07747909771125,-2.49100667516529,-2.046708885603,-2.53369283847766,-2.19685908036518,-1.12527132627976,-inf,-1.91585203345034,-3.04902409791527,-2.26495199226721,-2.65990072258664,-1.75781723391353,-2.63848925695514,-2.82969523066982,-1.90586116333243,-inf,-inf,-1.85583853389187,-1.54737967877019,-1.4066498975925,-3.93548201723919,-0.534119594832871,-2.4137380685649,0.0,-0.621368379793369,-1.29950356059678,-3.43111339765998,-3.04483543786421,-3.11619926692817,-0.992928064537123,-1.21671999246769,-2.7063810982957,-3.37109203999189
TEO,-inf,-4.55303301620269,-inf,-2.08722021756741,-3.22891340599465,-2.34688617830165,-3.20860530645551,-inf,-inf,-inf,-inf,-inf,-inf,-1.51054142619429,-inf,-2.77951080111507,-inf,-inf,-inf,-3.59369901408506,-inf,-3.0792958143892,-2.78999314921208,-inf,-2.79328976783898,-5.16331048896379,-inf,-2.02406204790524,-inf,-4.00716719314707,-inf,-4.62203778181333,-inf,-2.39971216993224,-inf,-2.61163947007076,-2.8890492950248,-inf,-inf,-3.37554723238258,-3.5570257223862,-2.40869239180785,-inf,-inf,-inf,-2.05283948405708,0.0,-inf,-2.22621703144453,-2.50156393575821,-3.31809521738289,-0.744836900811396,-1.54996230890302,-2.74392216100036,-4.05219358043346
TPO,-inf,-1.05664543774653,-1.72670414771425,-inf,-inf,-2.91475582524557,-2.65479730492263,-inf,-4.43578068177264,-2.19163728703161,-1.82645515878192,-inf,-inf,-2.77165916733952,-1.71493158739658,-2.66623561431846,-inf,-inf,-3.96604782107755,-2.29658513003546,-inf,-3.79851253303246,-2.74202485013717,-2.01437762061281,-2.78754333387537,-2.08148735810281,-1.95038785583947,-2.65172561706911,-1.62639740256869,-0.970287013396945,-1.12994600553896,-1.10849270997834,-1.44184026460397,-2.93043959476588,-inf,-3.8903930710227,-2.75788595247794,-inf,-inf,-inf,-inf,-2.49949807288483,-3.49130164897196,-0.819763379797007,-2.77501797616838,-0.79185644897786,-4.08675123124193,0.0,-3.44274521348256,-inf,-4.12749354475691,-3.90884365097761,-2.09577663883911,-2.41352160161325,-inf
V1,-inf,-inf,-inf,-2.16360856343087,-1.50463753639332,-3.57329717252602,-4.38308777613228,-inf,-inf,-inf,-4.52018210770718,-inf,-inf,-inf,-4.68147641653051,-3.18383903705657,-inf,-inf,-inf,-inf,-inf,-inf,-inf,-3.30931071578774,-3.10748868691671,-2.63947452649397,-inf,-inf,-inf,-4.40510720181911,-inf,-3.89908694294401,-inf,-4.05292468370774,-inf,-2.23718055724848,-3.13440480877297,-inf,-3.35513792493182,-inf,-inf,-2.98254327381268,-4.50877204827063,-inf,-inf,-inf,-3.54268318689166,-inf,0.0,-0.217905297282728,-1.16834580910123,-2.76915677422917,-1.0141166165533,-0.604719117501194,-0.457003835815664
V2,-inf,-4.1949581222065,-4.05304000864267,-0.499943873032683,-1.50463753639332,-1.84497068969295,-2.1792095860721,-inf,-3.45553004734272,-2.32633586092833,-4.52018210770718,-inf,-inf,-3.15399410268065,-3.48851208711765,-2.21136705493936,-inf,-inf,-inf,-2.82893432590713,-inf,-3.65238449735227,-3.9865926068237,-2.85980734887968,-2.03889824325561,-4.41030473389397,-inf,-3.21194852601471,-inf,-3.56000916180422,-inf,-2.75329233192173,-inf,-1.60024577814226,-1.62424881784059,-1.43860663549942,-1.97014330843151,-inf,-2.34345216660632,-inf,-2.94792361983029,-1.91105052534041,-2.7196176072851,-3.65829765030883,-inf,-3.54824744971396,-1.54392580428236,-2.22539616668785,-0.303062843161429,0.0,-0.681308603576124,-1.27996643585275,-1.37273701802974,-1.13279222549222,-0.736642240698288
V3A,-inf,-inf,-inf,-1.63163864070367,-3.22891340599465,-2.14285321020138,-2.25740486013421,-inf,-inf,-inf,-inf,-inf,-inf,-3.34305033890086,-inf,-2.35268693700711,-inf,-inf,-inf,-2.44222986905318,-inf,-2.99513182723267,-2.5944821418109,-inf,-1.82023483133736,-4.51359045363518,-inf,-1.80755142116613,-inf,-4.22901594276343,-inf,-3.84388653142969,-inf,-1.38640670315311,-0.647263181261832,-2.47541972305318,-0.985388071526653,-inf,-1.11640771378797,-inf,-2.96709428221638,-1.90904002996291,-2.01152327600978,-inf,-4.25731851309754,-3.5847080525742,-inf,-3.9999131324157,-2.32223647028406,-2.01933707054002,0.0,-2.07762864298195,-2.01377382322539,-2.11926129466305,-1.45218273421939
V4,-inf,-3.52530208688175,-3.31267731914807,-1.1260288481727,-2.62685341466632,-2.03611267267696,-2.85103583749938,-inf,-inf,-inf,-inf,-inf,-inf,-1.81041175633194,-3.68147641653051,-1.75936477350786,-inf,-3.3718064585072,-inf,-3.12496911464435,-inf,-3.08595701291301,-2.74217802930695,-inf,-2.05812902716362,-3.79558591549239,-3.27604032641239,-1.74116498065024,-inf,-2.96577450798764,-inf,-2.99586321347422,-inf,-1.37552338719193,-2.0364292656267,-1.13566260200017,-1.21975548199769,-inf,-2.72443275215404,-2.59086511484032,-2.33970077537094,-1.38644104181283,-2.72161636656679,-2.20345279029959,-4.55834850876231,-1.68896290020818,-0.736018779526524,-3.27954342436302,-1.49169377162983,-1.38134362243245,-1.70419619641007,0.0,-1.70237581404247,-1.84083217400842,-1.59950244738241
V4T,-inf,-4.25200302053871,-inf,-1.15451738598463,-inf,-2.20386376565621,-3.53097274031992,-inf,-inf,-inf,-inf,-inf,-inf,-1.49068126200063,-inf,-2.45220160541577,-inf,-3.3718064585072,-3.96604782107755,-3.2528061322966,-inf,-2.64284326826928,-2.64083155236117,-inf,-1.64141429556476,-5.14925607231495,-inf,-1.74345452043416,-inf,-2.82532360520125,-inf,-2.87384975480648,-inf,-1.99503724504143,-1.77318783085191,-0.886501904785301,-1.13551898963431,-inf,-2.07431131535618,-1.94126872921691,-1.81280773285187,-1.40167168172784,-3.93548201723919,-3.26035764163639,-4.25731851309754,-2.5627948838142,-2.40100949263978,-3.36634190834329,-1.6711432875749,-1.74123475313257,-2.10445683044185,-1.01264698601494,0.0,-1.28668900067328,-1.74126336133183
V5,-inf,-inf,-inf,-1.62675887608632,-inf,-2.36610186012397,-3.7640104876523,-inf,-inf,-inf,-inf,-4.47622278405103,-inf,-2.01522716664869,-inf,-2.76886568908672,-3.52860694989195,-3.3718064585072,-inf,-3.77590157889198,-inf,-3.3491787941956,-3.29738243977492,-inf,-1.51472896005926,-inf,-inf,-3.14477106002832,-inf,-2.31697111311883,-inf,-1.3657875818163,-inf,-2.05728948911013,-1.70063716370369,-1.81484610963031,-1.40661512556964,-inf,-1.35910411214953,-3.57184187752655,-3.03609584102362,-1.73318534235983,-4.63742968464912,-3.35726765464386,-inf,-3.38274011598246,-2.94062319556521,-2.57491520693283,-1.1484817183836,-1.61819006575022,-1.25218445261314,-1.63831712798496,-0.602177483963783,0.0,-1.11623412216831
V6,-inf,-inf,-inf,-0.989750185807136,-1.52134322989653,-1.55272196117872,-2.23917422633957,-inf,-inf,-inf,-inf,-inf,-inf,-3.02271518804125,-inf,-1.93764687975428,-4.23337690347371,-3.3718064585072,-inf,-3.05338973848792,-inf,-3.59439255037483,-2.62265541911101,-inf,-1.49399759037804,-inf,-inf,-2.01096770309704,-inf,-inf,-inf,-inf,-inf,-2.01153199854965,-0.801743291305884,-1.85097895184664,-2.0019548642407,-inf,-0.728797557557325,-3.93981866282114,-4.4021237624003,-1.95530203360091,-1.77942028051215,-inf,-inf,-inf,-inf,-3.9999131324157,-0.817171430332507,-1.10477423200625,-0.739283851590364,-1.05183979690239,-1.8178824338498,-1.28570457880449,0.0
